[microclub.ch/index.html]
[backblue.gif]
[fade.gif]
[index.html]
[microclub.ch/wp-content/themes/colormag/styled19b.css]
[microclub.ch/feed/index.html]
[microclub.ch/wp-content/themes/colormag/inc/customizer/customind/assets/fontawesome/v6/css/all.mine63c.css]
[microclub.ch/comments/feed/index.html]
[microclub.ch/wp-content/themes/colormag/assets/library/font-awesome/css/v4-shims.min1849.css]
[microclub.ch/wp-includes/js/jquery/jquery.minf43b.js]
[microclub.ch/wp-includes/js/jquery/jquery-migrate.min5589.js]
[microclub.ch/wp-content/themes/colormag/assets/fonts/IBMPlexSerif-Regular.woff2]
[microclub.ch/wp-json/index.html]
[microclub.ch/wp-content/themes/colormag/assets/fonts/IBMPlexSerif-Bold.woff2]
[microclub.ch/wp-content/themes/colormag/assets/fonts/IBMPlexSerif-SemiBold.woff2]
[microclub.ch/wp-content/themes/colormag/assets/fonts/Inter-Regular.woff2]
[microclub.ch/wp-content/uploads/2024/03/cropped-Entete2024c.png]
[microclub.ch/wp-content/themes/colormag/assets/js/colormag-custom.mind19b.js]
[microclub.ch/agenda/index.html]
[microclub.ch/wp-content/themes/colormag/assets/js/jquery.bxslider.mind19b.js]
[microclub.ch/historique/index.html]
[microclub.ch/photos/index.html]
[microclub.ch/wp-content/themes/colormag/assets/js/navigation.mind19b.js]
[microclub.ch/liens/index.html]
[microclub.ch/forum/index.html]
[microclub.ch/contacts/index.html]
[microclub.ch/category/microclub/index.html]
[microclub.ch/login/index.html]
[microclub.ch/wp-content/themes/colormag/assets/js/fitvids/jquery.fitvids.mind19b.js]
[microclub.ch/2026/09/19/theremine-a-la-sauce-arduino/index.html]
[microclub.ch/2026/09/15/rfid_microclub/index.html]
[microclub.ch/author/jpbroillet/index.html]
[microclub.ch/2026/09/11/josephson/index.html]
[microclub.ch/2026/09/15/gpu-et-ia/index.html]
[microclub.ch/page/2/index.html]
[microclub.ch/wp-content/themes/colormag/assets/js/skip-link-focus-fix.mind19b.js]
[microclub.ch/2025/10/21/slides-kicad/index.html]
[microclub.ch/2025/07/02/full-wave-rectifier/index.html]
[microclub.ch/2025/11/07/presentation-de-laurent-francey-le-vendredi-14-novembre-2025-sur-le-theme-le-magnetisme/index.html]
[microclub.ch/index.html]
[microclub.ch/2023/04/23/connecter-son-smartphone-android-a-windows11/index.html]
[microclub.ch/2020/10/04/platformio-5-0-1-ou-se-trouve-le-bouton-upload-file-system-image/index.html]
[microclub.ch/2025/04/05/preparation-darduino-pour-latelier-ia-avec-la-camera-xiao-esp32s3-sense/index.html]
[microclub.ch/2025/03/20/la-macro-f/index.html]
[microclub.ch/wp-content/themes/colormag/assets/fonts/OpenSans-Bold.woff]
[microclub.ch/2018/06/18/les-outils-du-cloud-presentations-du-comite-le-15-6-2018/index.html]
[microclub.ch/wp-content/themes/colormag/assets/fonts/OpenSans-BoldItalic.woff]
[microclub.ch/wp-content/themes/colormag/assets/fonts/OpenSans-ExtraBold.woff]
[microclub.ch/wp-content/themes/colormag/assets/fonts/OpenSans-ExtraBoldItalic.woff]
[microclub.ch/wp-content/themes/colormag/assets/fonts/OpenSans-Italic.woff]
[microclub.ch/wp-content/themes/colormag/assets/fonts/OpenSans-Light.woff]
[microclub.ch/wp-content/themes/colormag/assets/fonts/OpenSans-LightItalic.woff]
[microclub.ch/wp-content/themes/colormag/assets/fonts/OpenSans-Medium.woff]
[microclub.ch/wp-content/themes/colormag/assets/fonts/OpenSans-MediumItalic.woff]
[microclub.ch/wp-content/themes/colormag/assets/fonts/OpenSans-Regular.woff]
[microclub.ch/wp-content/themes/colormag/assets/fonts/OpenSans-SemiBold.woff]
[microclub.ch/wp-content/themes/colormag/assets/fonts/OpenSans-SemiBoldItalic.woff]
[microclub.ch/wp-content/themes/colormag/assets/fonts/OpenSans-VariableFont.woff]
[microclub.ch/wp-content/themes/colormag/styled19b.css]
[microclub.ch/wp-content/themes/colormag/inc/customizer/customind/assets/fontawesome/v6/webfonts/fa-brands-400.woff2]
[microclub.ch/wp-content/themes/colormag/inc/customizer/customind/assets/fontawesome/v6/webfonts/fa-brands-400.ttf]
[microclub.ch/wp-content/themes/colormag/inc/customizer/customind/assets/fontawesome/v6/webfonts/fa-regular-400.woff2]
[microclub.ch/wp-content/themes/colormag/inc/customizer/customind/assets/fontawesome/v6/webfonts/fa-regular-400.ttf]
[microclub.ch/wp-content/themes/colormag/inc/customizer/customind/assets/fontawesome/v6/webfonts/fa-solid-900.woff2]
[microclub.ch/wp-content/themes/colormag/inc/customizer/customind/assets/fontawesome/v6/webfonts/fa-solid-900.ttf]
[microclub.ch/wp-content/themes/colormag/inc/customizer/customind/assets/fontawesome/v6/webfonts/fa-v4compatibility.woff2]
[microclub.ch/wp-content/themes/colormag/inc/customizer/customind/assets/fontawesome/v6/webfonts/fa-v4compatibility.ttf]
[microclub.ch/wp-content/themes/colormag/inc/customizer/customind/assets/fontawesome/v6/css/all.mine63c.css]
[microclub.ch/wp-content/themes/colormag/assets/library/font-awesome/css/v4-shims.min1849.css]
[microclub.ch/wp-json/oembed/1.0/embedf445.json]
[microclub.ch/wp-json/oembed/1.0/embed065d]
[microclub.ch/wp-json/wp/v2/pages/3661.json]
[microclub.ch/agenda/index.html]
[microclub.ch/agenda-2025/index.html]
[microclub.ch/wp-json/oembed/1.0/embede4dd.json]
[microclub.ch/wp-json/oembed/1.0/embedefd9]
[microclub.ch/wp-json/wp/v2/pages/2678.json]
[microclub.ch/forum/index.html]
[microclub.ch/wp-json/oembed/1.0/embed780a.json]
[microclub.ch/wp-json/oembed/1.0/embed7a14]
[microclub.ch/wp-json/wp/v2/pages/10.json]
[microclub.ch/wp-content/uploads/2018/12/Statuts-Microclub-2018.pdf]
[microclub.ch/historique/index.html]
[microclub.ch/wp-json/oembed/1.0/embed02bc.json]
[microclub.ch/wp-json/oembed/1.0/embed44d5]
[microclub.ch/wp-json/wp/v2/pages/2498.json]
[microclub.ch/photos/index.html]
[microclub.ch/wp-json/oembed/1.0/embed812a.json]
[microclub.ch/liens/feed/index.html]
[microclub.ch/wp-json/oembed/1.0/embed00c5]
[microclub.ch/wp-json/wp/v2/pages/1576.json]
[microclub.ch/wp-content/uploads/2021/11/Infini.pdf]
[microclub.ch/wp-content/uploads/2025/06/RPI_Pico_Example-codes.zip]
[microclub.ch/wp-content/uploads/2024/06/Capacimetre_resume.pdf]
[microclub.ch/wp-content/uploads/2024/06/Kaprekar-et-C.pdf]
[microclub.ch/wp-content/uploads/2024/06/Thermocouples-et-Arduino.pdf]
[microclub.ch/wp-content/uploads/2023/12/Suiveur-solaire-fonctionnement-realisation-pistes-damelioration.pdf]
[microclub.ch/wp-content/uploads/2022/10/TraitementDeListes.pdf]
[microclub.ch/wp-content/uploads/2022/11/TouchesCB.pdf]
[microclub.ch/wp-content/uploads/2021/10/StubFilter.pdf]
[microclub.ch/wp-content/uploads/2021/03/approche-e230.pdf]
[microclub.ch/wp-content/uploads/2021/02/The-Ultimate-Arduino-Windows.pdf]
[microclub.ch/wp-content/uploads/2021/02/ECS-version-2020.pdf]
[microclub.ch/wp-content/uploads/2021/02/mesure_tension_VAE.pdf]
[microclub.ch/wp-content/uploads/2020/03/Commande-de-ventilation.pdf]
[microclub.ch/wp-content/uploads/2019/06/P19-Exemple-de-projet-Chauffage3.pdf]
[microclub.ch/wp-content/uploads/2019/05/Gy521EtReglage.pdf]
[microclub.ch/wp-content/uploads/2019/05/PrésentationTouchOSC.pdf]
[microclub.ch/wp-content/uploads/2019/03/Presentation-PCB-P19-du-22.3.2029.pdf]
[microclub.ch/wp-content/uploads/2019/01/Project-2019.pdf]
[microclub.ch/wp-content/uploads/2021/03/finesses-du-C-YM.pdf]
[microclub.ch/wp-content/uploads/2021/03/finesses-du-C-RZ.pdf]
[microclub.ch/wp-content/uploads/2019/02/finesses-du-C-FL.pdf]
[microclub.ch/wp-content/uploads/2018/12/Assemblée-Générale-2018b.pdf]
[microclub.ch/wp-content/uploads/2018/11/Presentation-GPS-Microclub-2018.pdf]
[microclub.ch/wp-content/uploads/2018/11/GPS-fonctionnement-021118.pdf]
[microclub.ch/wp-content/uploads/2018/10/Présentation-Lora-Microclub-2018a.pdf]
[microclub.ch/wp-content/uploads/2018/06/Microclub_Resilio.pdf]
[microclub.ch/wp-content/uploads/2018/06/MyCloud.pdf]
[microclub.ch/wp-content/uploads/2018/06/Dropbox.pdf]
[microclub.ch/wp-content/uploads/2018/05/Domotique-DIY3-1.pdf]
[microclub.ch/wp-content/uploads/2018/04/MicroClub-2018.pdf]
[microclub.ch/wp-content/uploads/2018/04/ESP32-premiers-pas.zip]
[microclub.ch/wp-content/uploads/2019/03/Platformio.pdf]
[microclub.ch/wp-content/uploads/2018/04/Platformio_atelier.zip]
[microclub.ch/wp-content/uploads/2018/02/MicroPython.pdf]
[microclub.ch/wp-content/uploads/2018/02/CheatSheet1.pdf]
[microclub.ch/wp-content/uploads/2018/02/Exemples_CodesSources.zip]
[microclub.ch/wp-content/uploads/2018/02/Platformio.pdf]
[microclub.ch/wp-content/uploads/2018/02/Projet-Revox-B77.pdf]
[microclub.ch/wp-content/uploads/2018/02/OBD2.pdf]
[microclub.ch/wp-content/uploads/2017/05/Domotique-DIY1b.pdf]
[microclub.ch/wp-content/uploads/2017/05/Domotique-DIY2b.pdf]
[microclub.ch/wp-content/uploads/2017/05/LaPhotoNumeriquedAprilliMicroclub5mai2017.pdf]
[microclub.ch/wp-content/uploads/2017/04/microclub-esp-easy.pdf]
[microclub.ch/wp-content/uploads/2017/03/facebook.pdf]
[microclub.ch/wp-content/uploads/2017/03/Microclub-2017-03-10-DC-motors-DRV8835-et-Arduino.pdf]
[microclub.ch/wp-content/uploads/2017/03/BootStrap.pdf]
[microclub.ch/wp-content/uploads/2017/01/I2C-SMbus-Microclub1609.pdf]
[microclub.ch/wp-content/uploads/2016/10/ESP8266-Bases-et-projets.pdf]
[microclub.ch/wp-content/uploads/2014/12/ApplicationsESP8266.pdf]
[microclub.ch/wp-content/uploads/2014/12/MicroClubDemo.zip]
[microclub.ch/wp-content/uploads/2015/10/Microclub_I2C.pdf]
[microclub.ch/wp-content/uploads/2016/04/OpenScad_080416.pdf]
[microclub.ch/wp-content/uploads/2016/04/Spice_microclub2016.pdf]
[microclub.ch/wp-content/uploads/2016/01/Processeur-ARM4b.pdf]
[microclub.ch/wp-content/uploads/2015/04/Limpression_3d_v1.0.pdf]
[microclub.ch/wp-logina48a.html]
[microclub.ch/wp-includes/js/comment-reply.min55e2.js]
[microclub.ch/liens/index.html]
[microclub.ch/wp-json/oembed/1.0/embedc096.json]
[microclub.ch/wp-json/oembed/1.0/embedc1d3]
[microclub.ch/contacts/index.html]
[microclub.ch/wp-json/wp/v2/pages/2861.json]
[microclub.ch/wp-json/oembed/1.0/embed039c.json]
[microclub.ch/wp-json/oembed/1.0/embed0186]
[microclub.ch/login/index.html]
[microclub.ch/wp-json/wp/v2/pages/2940.json]
[microclub.ch/category/microclub/feed/index.html]
[microclub.ch/category/microclub/index.html]
[microclub.ch/wp-json/wp/v2/categories/166.json]
[microclub.ch/category/microclub/page/2/index.html]
[microclub.ch/wp-json/oembed/1.0/embed78ee.json]
[microclub.ch/2026/09/19/theremine-a-la-sauce-arduino/feed/index.html]
[microclub.ch/wp-json/oembed/1.0/embed8d68]
[microclub.ch/wp-json/wp/v2/posts/5871.json]
[microclub.ch/wp-content/uploads/2026/09/word-image-5871-1.png]
[microclub.ch/wp-content/uploads/2026/09/word-image-5871-2.png]
[microclub.ch/wp-content/uploads/2026/09/word-image-5871-3.png]
[microclub.ch/wp-content/uploads/2026/09/word-image-5871-4.png]
[microclub.ch/wp-content/uploads/2026/09/word-image-5871-5.png]
[microclub.ch/wp-content/uploads/2026/09/word-image-5871-6.png]
[microclub.ch/wp-content/uploads/2026/09/word-image-5871-7.png]
[microclub.ch/wp-content/uploads/2026/09/word-image-5871-8.png]
[microclub.ch/wp-content/uploads/2026/09/word-image-5871-9.png]
[microclub.ch/wp-content/uploads/2026/09/word-image-5871-10.png]
[microclub.ch/wp-content/uploads/2026/09/word-image-5871-11.png]
[microclub.ch/wp-content/uploads/2026/09/word-image-5871-12.png]
[microclub.ch/wp-content/uploads/2026/09/word-image-5871-13.png]
[microclub.ch/wp-content/uploads/2026/09/word-image-5871-14.png]
[microclub.ch/wp-content/uploads/2026/09/word-image-5871-15.png]
[microclub.ch/wp-content/uploads/2026/09/word-image-5871-16.png]
[microclub.ch/wp-content/uploads/2026/09/word-image-5871-17.png]
[microclub.ch/wp-content/uploads/2026/09/word-image-5871-18.png]
[microclub.ch/wp-content/uploads/2026/09/word-image-5871-19.png]
[microclub.ch/wp-content/uploads/2026/09/word-image-5871-20.png]
[microclub.ch/wp-content/uploads/2026/09/word-image-5871-21.png]
[microclub.ch/wp-logina457.html]
[microclub.ch/2026/09/19/theremine-a-la-sauce-arduino/index.html]
[microclub.ch/wp-json/wp/v2/users/98.json]
[microclub.ch/author/jpbroillet/feed/index.html]
[microclub.ch/author/jpbroillet/index.html]
[microclub.ch/author/jpbroillet/page/2/index.html]
[microclub.ch/wp-json/oembed/1.0/embed6bc4.json]
[microclub.ch/2026/09/15/rfid_microclub/feed/index.html]
[microclub.ch/wp-json/oembed/1.0/embed1c2f]
[microclub.ch/wp-json/wp/v2/posts/5866.json]
[microclub.ch/wp-content/uploads/2026/09/RFID_Microclub.pdf]
[microclub.ch/wp-login2ebe.html]
[microclub.ch/wp-includes/js/dist/script-modules/block-library/file/view.min1fc8.js]
[microclub.ch/wp-includes/js/dist/script-modules/interactivity/index.min132d.js]
[microclub.ch/2026/09/15/rfid_microclub/index.html]
[microclub.ch/wp-json/oembed/1.0/embed42ef.json]
[microclub.ch/2026/09/15/gpu-et-ia/feed/index.html]
[microclub.ch/wp-json/oembed/1.0/embed1d1c]
[microclub.ch/wp-json/wp/v2/posts/5826.json]
[microclub.ch/wp-content/uploads/2026/09/image.jpg]
[microclub.ch/wp-content/uploads/2026/09/word-image-5826-2.png]
[microclub.ch/wp-content/uploads/2026/09/word-image-5826-3.png]
[microclub.ch/wp-content/uploads/2026/09/word-image-5826-4.png]
[microclub.ch/wp-content/uploads/2026/09/word-image-5826-5.png]
[microclub.ch/wp-content/uploads/2026/09/word-image-5826-6.png]
[microclub.ch/wp-content/uploads/2026/09/word-image-5826-7.png]
[microclub.ch/wp-content/uploads/2026/09/word-image-5826-8.png]
[microclub.ch/wp-content/uploads/2026/09/word-image-5826-9.png]
[microclub.ch/wp-content/uploads/2026/09/word-image-5826-10.png]
[microclub.ch/wp-content/uploads/2026/09/word-image-5826-11.png]
[microclub.ch/wp-content/uploads/2026/09/word-image-5826-12.png]
[microclub.ch/wp-content/uploads/2026/09/word-image-5826-13.png]
[microclub.ch/wp-content/uploads/2026/09/word-image-5826-14.png]
[microclub.ch/wp-content/uploads/2026/09/word-image-5826-15.png]
[microclub.ch/wp-content/uploads/2026/09/word-image-5826-16.png]
[microclub.ch/wp-content/uploads/2026/09/word-image-5826-17.png]
[microclub.ch/wp-content/uploads/2026/09/word-image-5826-18.png]
[microclub.ch/wp-content/uploads/2026/09/word-image-5826-19.png]
[microclub.ch/wp-content/uploads/2026/09/word-image-5826-20.png]
[microclub.ch/wp-content/uploads/2026/09/word-image-5826-21.png]
[microclub.ch/wp-content/uploads/2026/09/word-image-5826-22.png]
[microclub.ch/wp-content/uploads/2026/09/word-image-5826-23.png]
[microclub.ch/wp-content/uploads/2026/09/word-image-5826-24.png]
[microclub.ch/wp-content/uploads/2026/09/word-image-5826-25.png]
[microclub.ch/wp-content/uploads/2026/09/word-image-5826-26.png]
[microclub.ch/wp-content/uploads/2026/09/word-image-5826-27.png]
[microclub.ch/wp-content/uploads/2026/09/word-image-5826-28.png]
[microclub.ch/wp-content/uploads/2026/09/word-image-5826-29.png]
[microclub.ch/wp-content/uploads/2026/09/word-image-5826-30.png]
[microclub.ch/wp-content/uploads/2026/09/word-image-5826-31.png]
[microclub.ch/wp-content/uploads/2026/09/word-image-5826-32.png]
[microclub.ch/wp-content/uploads/2026/09/word-image-5826-33.png]
[microclub.ch/wp-content/uploads/2026/09/word-image-5826-34.png]
[microclub.ch/wp-content/uploads/2026/09/word-image-5826-35.png]
[microclub.ch/wp-loginc4b8.html]
[microclub.ch/2026/09/15/gpu-et-ia/index.html]
[microclub.ch/wp-json/oembed/1.0/embed36d4.json]
[microclub.ch/2026/09/11/josephson/feed/index.html]
[microclub.ch/wp-json/oembed/1.0/embed7645]
[microclub.ch/wp-json/wp/v2/posts/5822.json]
[microclub.ch/wp-content/uploads/2026/09/word-image-5822-1.png]
[microclub.ch/wp-content/uploads/2026/09/word-image-5822-2.png]
[microclub.ch/wp-login7a2e.html]
[microclub.ch/2026/09/11/josephson/index.html]
[microclub.ch/page/2/index.html]
[microclub.ch/2025/06/17/source-de-courant-a-ampli-operationnel/index.html]
[microclub.ch/page/3/index.html]
[microclub.ch/wp-json/oembed/1.0/embed7b6c.json]
[microclub.ch/author/mr/index.html]
[microclub.ch/2025/11/07/presentation-de-laurent-francey-le-vendredi-14-novembre-2025-sur-le-theme-le-magnetisme/feed/index.html]
[microclub.ch/wp-json/oembed/1.0/embed5ed6]
[microclub.ch/wp-json/wp/v2/posts/5702.json]
[microclub.ch/wp-loginb6eb.html]
[microclub.ch/2025/11/07/presentation-de-laurent-francey-le-vendredi-14-novembre-2025-sur-le-theme-le-magnetisme/index.html]
[microclub.ch/wp-json/oembed/1.0/embed8056.json]
[microclub.ch/2025/10/21/slides-kicad/feed/index.html]
[microclub.ch/wp-json/oembed/1.0/embed1056]
[microclub.ch/wp-json/wp/v2/posts/5683.json]
[microclub.ch/wp-content/uploads/2025/10/Microclub_Kicad.ca.delayed]
[microclub.ch/wp-logina770.html]
[microclub.ch/2025/10/21/slides-kicad/index.html]
[microclub.ch/wp-json/oembed/1.0/embedf939.json]
[microclub.ch/2025/07/02/full-wave-rectifier/feed/index.html]
[microclub.ch/wp-json/oembed/1.0/embed713e]
[microclub.ch/wp-json/wp/v2/posts/5655.json]
[microclub.ch/wp-content/uploads/2025/07/word-image-5655-1.cf.delayed]
[microclub.ch/wp-content/uploads/2025/07/word-image-5655-2.png]
[microclub.ch/wp-content/uploads/2025/07/word-image-5655-3.png]
[microclub.ch/wp-content/uploads/2025/07/word-image-5655-4.png]
[microclub.ch/wp-content/uploads/2025/07/word-image-5655-5.jpg]
[microclub.ch/wp-content/uploads/2025/07/word-image-5655-6.png]
[microclub.ch/wp-content/uploads/2025/07/word-image-5655-7.png]
[microclub.ch/wp-content/uploads/2025/07/word-image-5655-8.png]
[microclub.ch/wp-content/uploads/2025/07/word-image-5655-9.jpg]
[microclub.ch/wp-content/uploads/2025/07/word-image-5655-10.gif]
[microclub.ch/wp-content/uploads/2025/07/word-image-5655-11.jpg]
[microclub.ch/wp-content/uploads/2025/07/word-image-5655-12.gif]
[microclub.ch/wp-content/uploads/2025/07/word-image-5655-13.gif]
[microclub.ch/wp-login7972.html]
[microclub.ch/2025/07/02/full-wave-rectifier/index.html]
[microclub.ch/wp-json/oembed/1.0/embed4fe8.json]
[microclub.ch/2025/04/05/preparation-darduino-pour-latelier-ia-avec-la-camera-xiao-esp32s3-sense/feed/index.html]
[microclub.ch/wp-json/oembed/1.0/embed0b3d]
[microclub.ch/wp-json/wp/v2/posts/5509.json]
[microclub.ch/wp-content/uploads/2025/04/2025-03-14_14h03_30.png]
[microclub.ch/wp-content/uploads/2025/04/image.e1.delayed]
[microclub.ch/author/franic/index.html]
[microclub.ch/wp-content/uploads/2025/04/image-2.png]
[microclub.ch/wp-content/uploads/2025/04/image-1.png]
[microclub.ch/wp-content/uploads/2025/04/image-3.png]
[microclub.ch/wp-content/uploads/2025/04/image-5.png]
[microclub.ch/wp-content/uploads/2025/04/take_photos.zip]
[microclub.ch/wp-content/uploads/2025/04/ei-canette2-arduino-1.0.4.zip]
[microclub.ch/wp-content/uploads/2025/04/ConfigXIAOcam.txt]
[microclub.ch/wp-login2479.html]
[microclub.ch/2025/03/20/le-chiffrede-kaprekar/index.html]
[microclub.ch/2025/05/03/5551/index.html]
[microclub.ch/2025/04/05/preparation-darduino-pour-latelier-ia-avec-la-camera-xiao-esp32s3-sense/index.html]
[microclub.ch/wp-json/oembed/1.0/embedaca3.json]
[microclub.ch/2025/03/20/la-macro-f/feed/index.html]
[microclub.ch/wp-json/oembed/1.0/embedb1f1]
[microclub.ch/wp-json/wp/v2/posts/5467.json]
[microclub.ch/wp-content/uploads/2025/03/word-image-5467-1.jpg]
[microclub.ch/wp-content/uploads/2025/03/word-image-5467-2.jpg]
[microclub.ch/wp-content/uploads/2025/03/word-image-5467-3.jpg]
[microclub.ch/wp-login7478.html]
[microclub.ch/2024/06/10/prochaine-conference-du-14-juin-capacimetre-de-precision-avec-arduino/index.html]
[microclub.ch/2025/03/20/la-macro-f/index.html]
[microclub.ch/wp-json/oembed/1.0/embed56ee.json]
[microclub.ch/2023/04/23/connecter-son-smartphone-android-a-windows11/feed/index.html]
[microclub.ch/wp-json/oembed/1.0/embedf9ce]
[microclub.ch/wp-json/wp/v2/posts/5136.json]
[microclub.ch/wp-content/uploads/2023/04/LienAvecWindos.png]
[microclub.ch/wp-content/uploads/2023/04/word-image-5136-1.png]
[microclub.ch/category/articles/index.html]
[microclub.ch/wp-content/uploads/2023/04/word-image-5136-2.png]
[microclub.ch/wp-content/uploads/2023/04/word-image-5136-3.png]
[microclub.ch/wp-content/uploads/2023/04/word-image-5136-4.png]
[microclub.ch/wp-content/uploads/2023/04/word-image-5136-5.png]
[microclub.ch/wp-login0e6e.html]
[microclub.ch/2023/04/23/connecter-son-smartphone-android-a-windows11/index.html]
[microclub.ch/2023/02/18/mpy-jama/index.html]
[microclub.ch/2023/06/20/oled-avec-platformio/index.html]
[microclub.ch/wp-json/oembed/1.0/embed106d.json]
[microclub.ch/2020/10/04/platformio-5-0-1-ou-se-trouve-le-bouton-upload-file-system-image/feed/index.html]
[microclub.ch/wp-json/oembed/1.0/embed1b92]
[microclub.ch/wp-json/wp/v2/posts/4838.json]
[microclub.ch/wp-content/uploads/2020/10/PFIO_L6.fe.delayed]
[microclub.ch/wp-content/uploads/2020/10/PFIO_fileSys.png]
[microclub.ch/wp-login6c15.html]
[microclub.ch/2020/10/04/platformio-5-0-1-ou-se-trouve-le-bouton-upload-file-system-image/index.html]
[microclub.ch/2020/10/04/platformio-5-0-1-gestion-des-librairies/index.html]
[microclub.ch/2023/02/18/ancienne-presentation/index.html]
[microclub.ch/2018/06/18/les-outils-du-cloud-presentations-du-comite-le-15-6-2018/feed/index.html]
[microclub.ch/wp-json/oembed/1.0/embed7327.json]
[microclub.ch/wp-json/oembed/1.0/embeda04f]
[microclub.ch/wp-json/wp/v2/posts/3884.json]
[microclub.ch/wp-content/uploads/2018/06/CloudComputing1-300x224-300x224.104.delayed]
[microclub.ch/author/rolfz/index.html]
[microclub.ch/wp-logina687.html]
[microclub.ch/2018/06/18/les-outils-du-cloud-presentations-du-comite-le-15-6-2018/index.html]
[microclub.ch/indexdc45.html]
[microclub.ch/2018/06/02/les-finesses-de-python/index.html]
[microclub.ch/wp-json/oembed/1.0/embedc6f2.json]
[microclub.ch/2018/08/26/niveau-de-complexite/index.html]
[microclub.ch/wp-json/oembed/1.0/embed9db6]
[microclub.ch/wp-json/wp/v2/pages/5781.json]
[microclub.ch/agenda-2025/index.html]
[microclub.ch/index649f.html]
[microclub.ch/index64b4.html]
[microclub.ch/conferences/index.html]
[microclub.ch/index38ce.html]
[microclub.ch/index09e5.html]
[microclub.ch/wp-admin/load-styles3927.css]
[microclub.ch/wp-loginc2b6.html]
[microclub.ch/wp-admin/load-scripts44ff.php]
[microclub.ch/wp-includes/js/dist/i18n.min99af.js]
[microclub.ch/wp-admin/js/password-strength-meter.min55e2.js]
[microclub.ch/wp-includes/js/underscore.min55e2.js]
[microclub.ch/wp-includes/js/wp-util.min55e2.js]
[microclub.ch/wp-includes/js/dist/dom-ready.min0db1.js]
[microclub.ch/wp-includes/js/dist/a11y.minf199.js]
[microclub.ch/wp-admin/js/user-profile.min55e2.js]
[microclub.ch/wp-includes/js/wp-tooltip55e2.js]
[microclub.ch/wp-logina48a.html]
[microclub.ch/index0262.html]
[microclub.ch/index20df.html]
[microclub.ch/category/microclub/page/2/index.html]
[microclub.ch/index915a.html]
[microclub.ch/wp-logina457.html]
[microclub.ch/author/jpbroillet/page/2/index.html]
[microclub.ch/indexe935.html]
[microclub.ch/wp-login2ebe.html]
[microclub.ch/index112c.html]
[microclub.ch/wp-loginc4b8.html]
[microclub.ch/indexaa28.html]
[microclub.ch/wp-login7a2e.html]
[microclub.ch/wp-json/wp/v2/users/80.json]
[microclub.ch/category/microclub/page/3/index.html]
[microclub.ch/2025/05/04/vous-avez-dit-raspberry-pi-pico/index.html]
[microclub.ch/author/mr/index.html]
[microclub.ch/author/jpbroillet/page/3/index.html]
[microclub.ch/author/mr/feed/index.html]
[microclub.ch/wp-json/oembed/1.0/embedc400.json]
[microclub.ch/2025/06/17/source-de-courant-a-ampli-operationnel/feed/index.html]
[microclub.ch/wp-json/oembed/1.0/embeda0ee]
[microclub.ch/wp-json/wp/v2/posts/5634.json]
[microclub.ch/wp-content/uploads/2025/06/word-image-5634-1.118.delayed]
[microclub.ch/wp-content/uploads/2025/06/word-image-5634-2.png]
[microclub.ch/wp-content/uploads/2025/06/word-image-5634-3.png]
[microclub.ch/wp-content/uploads/2025/06/word-image-5634-4.png]
[microclub.ch/wp-content/uploads/2025/06/word-image-5634-5.png]
[microclub.ch/wp-content/uploads/2025/06/word-image-5634-6.png]
[microclub.ch/wp-content/uploads/2025/06/word-image-5634-7.jpg]
[microclub.ch/wp-content/uploads/2025/06/word-image-5634-8.png]
[microclub.ch/wp-content/uploads/2025/06/word-image-5634-9.jpg]
[microclub.ch/wp-content/uploads/2025/06/word-image-5634-10.png]
[microclub.ch/wp-content/uploads/2025/06/word-image-5634-11.png]
[microclub.ch/wp-content/uploads/2025/06/word-image-5634-12.png]
[microclub.ch/wp-content/uploads/2025/06/word-image-5634-13.jpg]
[microclub.ch/wp-content/uploads/2025/06/word-image-5634-14.png]
[microclub.ch/wp-content/uploads/2025/06/word-image-5634-15.png]
[microclub.ch/wp-content/uploads/2025/06/word-image-5634-16.png]
[microclub.ch/wp-content/uploads/2025/06/word-image-5634-17.png]
[microclub.ch/wp-content/uploads/2025/06/word-image-5634-18.png]
[microclub.ch/wp-login1985.html]
[microclub.ch/2025/06/17/source-de-courant-a-ampli-operationnel/index.html]
[microclub.ch/page/3/index.html]
[microclub.ch/indexdcc4.html]
[microclub.ch/wp-loginb6eb.html]
[microclub.ch/indexbaa4.html]
[microclub.ch/wp-logina770.html]
[microclub.ch/indexb886.html]
[microclub.ch/wp-login7972.html]
[microclub.ch/index8fcc.html]
[microclub.ch/wp-json/wp/v2/users/4.json]
[microclub.ch/2025/05/04/pour-quelle-raison-16-2-3-hz/index.html]
[microclub.ch/author/franic/feed/index.html]
[microclub.ch/wp-content/uploads/2023/06/word-image-5168-1-1.png]
[microclub.ch/author/franic/index.html]
[microclub.ch/2024/03/11/conference-sur-les-thermocouples-vendredi-22-mars-2024-par-jean-pierre-broillet/index.html]
[microclub.ch/author/franic/page/2/index.html]
[microclub.ch/page/4/index.html]
[microclub.ch/category/presentations/index.html]
[microclub.ch/wp-json/oembed/1.0/embed6a07.json]
[microclub.ch/2025/03/20/le-chiffrede-kaprekar/feed/index.html]
[microclub.ch/wp-json/oembed/1.0/embedd8ba]
[microclub.ch/wp-json/wp/v2/posts/5472.json]
[microclub.ch/wp-content/uploads/2025/03/word-image-5472-1.130.delayed]
[microclub.ch/wp-content/uploads/2025/03/word-image-5472-2.png]
[microclub.ch/wp-login1944.html]
[microclub.ch/2025/03/20/le-chiffrede-kaprekar/index.html]
[microclub.ch/2025/05/03/5551/feed/index.html]
[microclub.ch/wp-json/oembed/1.0/embed0a86.json]
[microclub.ch/wp-json/oembed/1.0/embed4595]
[microclub.ch/wp-json/wp/v2/posts/5551.json]
[microclub.ch/wp-content/uploads/2025/05/word-image-5551-1.png]
[microclub.ch/wp-content/uploads/2025/05/word-image-5551-2.png]
[microclub.ch/wp-content/uploads/2025/05/word-image-5551-3.png]
[microclub.ch/wp-login8783.html]
[microclub.ch/2025/05/03/5551/index.html]
[microclub.ch/wp-login2479.html]
[microclub.ch/index8730.html]
[microclub.ch/2024/06/10/prochaine-conference-du-14-juin-capacimetre-de-precision-avec-arduino/feed/index.html]
[microclub.ch/wp-json/oembed/1.0/embed6129.json]
[microclub.ch/wp-json/oembed/1.0/embedc25c]
[microclub.ch/wp-json/wp/v2/posts/5396.json]
[microclub.ch/wp-login7b96.html]
[microclub.ch/2024/06/10/prochaine-conference-du-14-juin-capacimetre-de-precision-avec-arduino/index.html]
[microclub.ch/wp-login7478.html]
[microclub.ch/index7b5b.html]
[microclub.ch/2024/04/10/software-defined-radio-radio-logicielle/index.html]
[microclub.ch/wp-json/wp/v2/categories/264.json]
[microclub.ch/category/articles/feed/index.html]
[microclub.ch/wp-content/uploads/2023/02/MPY1p-800x445.png]
[microclub.ch/wp-content/uploads/2020/08/word-image-3.jpg]
[microclub.ch/2020/08/22/arduino-yun-et-sources-de-temps/index.html]
[microclub.ch/category/articles/index.html]
[microclub.ch/2023/02/18/mpy-jama/feed/index.html]
[microclub.ch/2020/06/14/traitement-des-boutons/index.html]
[microclub.ch/wp-json/oembed/1.0/embed0c5b.json]
[microclub.ch/category/articles/page/2/index.html]
[microclub.ch/wp-json/oembed/1.0/embede2f2]
[microclub.ch/wp-json/wp/v2/posts/5099.json]
[microclub.ch/wp-content/uploads/2023/02/MPY1p-e1676730578132.144.delayed]
[microclub.ch/wp-content/uploads/2023/02/MPY1.png]
[microclub.ch/wp-content/uploads/2023/02/MPY2.png]
[microclub.ch/wp-content/uploads/2023/02/MPY3.png]
[microclub.ch/wp-content/uploads/2023/02/MPY5.png]
[microclub.ch/wp-login5e02.html]
[microclub.ch/2023/02/18/mpy-jama/index.html]
[microclub.ch/wp-json/oembed/1.0/embed9bd7.json]
[microclub.ch/2023/06/20/oled-avec-platformio/feed/index.html]
[microclub.ch/wp-json/oembed/1.0/embed085c]
[microclub.ch/wp-json/wp/v2/posts/5168.json]
[microclub.ch/wp-content/uploads/2023/06/word-image-5168-1.14d.delayed]
[microclub.ch/wp-content/uploads/2023/06/word-image-5168-1.png]
[microclub.ch/wp-content/uploads/2023/06/ESP32ssd1306_alpha.zip]
[microclub.ch/wp-content/uploads/2023/06/ESP32ssd_graph1.zip]
[microclub.ch/wp-content/uploads/2023/06/word-image-5168-1-4.png]
[microclub.ch/wp-content/uploads/2023/06/word-image-5168-2-2.png]
[microclub.ch/wp-content/uploads/2023/06/word-image-5168-3-1.png]
[microclub.ch/wp-content/uploads/2023/06/word-image-5168-4.png]
[microclub.ch/wp-content/uploads/2023/06/word-image-5168-5.png]
[microclub.ch/wp-content/uploads/2023/06/ESP32ssd_logo.zip]
[microclub.ch/wp-login9f2c.html]
[microclub.ch/2023/06/20/oled-avec-platformio/index.html]
[microclub.ch/wp-login0e6e.html]
[microclub.ch/index77c9.html]
[microclub.ch/wp-json/oembed/1.0/embed304c.json]
[microclub.ch/2020/10/04/platformio-5-0-1-gestion-des-librairies/feed/index.html]
[microclub.ch/wp-json/oembed/1.0/embed96ae]
[microclub.ch/wp-json/wp/v2/posts/4831.json]
[microclub.ch/wp-content/uploads/2020/10/PFIO_L1.15b.delayed]
[microclub.ch/wp-content/uploads/2020/10/PFIO_L2-1024x460.png]
[microclub.ch/wp-content/uploads/2020/10/PFIO_L3-1024x404.png]
[microclub.ch/wp-content/uploads/2020/10/PFIO_L4.png]
[microclub.ch/category/ateliers/index.html]
[microclub.ch/wp-content/uploads/2020/10/PFIO_L5.png]
[microclub.ch/wp-logind430.html]
[microclub.ch/2020/10/04/platformio-5-0-1-gestion-des-librairies/index.html]
[microclub.ch/wp-json/oembed/1.0/embed3ee3.json]
[microclub.ch/2023/02/18/ancienne-presentation/feed/index.html]
[microclub.ch/wp-json/oembed/1.0/embed36e8]
[microclub.ch/wp-json/wp/v2/posts/5097.json]
[microclub.ch/wp-loginb8bf.html]
[microclub.ch/2023/02/18/ancienne-presentation/index.html]
[microclub.ch/wp-login6c15.html]
[microclub.ch/indexd94c.html]
[microclub.ch/wp-json/wp/v2/users/37.json]
[microclub.ch/author/rolfz/index.html]
[microclub.ch/author/rolfz/feed/index.html]
[microclub.ch/cloudcomputing1-300x224/index.html]
[microclub.ch/2020/05/04/seances-en-ligne/index.html]
[microclub.ch/author/rolfz/page/2/index.html]
[microclub.ch/wp-json/oembed/1.0/embed4bad.json]
[microclub.ch/2018/06/02/les-finesses-de-python/feed/index.html]
[microclub.ch/wp-json/oembed/1.0/embeddb29]
[microclub.ch/wp-json/wp/v2/posts/3868.json]
[microclub.ch/wp-login9f76.html]
[microclub.ch/2018/06/02/les-finesses-de-python/index.html]
[microclub.ch/2018/04/29/how-i-became-a-youtuber-par-andreas-spiess/index.html]
[microclub.ch/wp-json/oembed/1.0/embedd7fb.json]
[microclub.ch/2018/08/26/niveau-de-complexite/feed/index.html]
[microclub.ch/wp-json/oembed/1.0/embed4198]
[microclub.ch/wp-json/wp/v2/posts/3985.json]
[microclub.ch/wp-content/uploads/2018/08/LED-adafruit.16d.delayed]
[microclub.ch/wp-content/uploads/2018/08/LED-adafruit-150x150.jpg]
[microclub.ch/wp-content/uploads/2018/08/clign555.gif]
[microclub.ch/wp-content/uploads/2018/08/blink.jpg]
[microclub.ch/wp-content/uploads/2018/08/mvc_diagram_with_routes.png]
[microclub.ch/wp-logincafa.html]
[microclub.ch/2018/08/26/niveau-de-complexite/index.html]
[microclub.ch/wp-logina687.html]
[microclub.ch/index6a9d.html]
[microclub.ch/2018/09/23/google-assemble/index.html]
[microclub.ch/wp-includes/fonts/dashicons7d4b.eot]
[microclub.ch/wp-includes/fonts/dashicons7d4b.ttf]
[microclub.ch/wp-admin/load-styles3927.css]
[microclub.ch/wp-login.html]
[microclub.ch/wp-loginc2b6.html]
[microclub.ch/category/microclub/page/3/index.html]
[microclub.ch/wp-json/oembed/1.0/embedb6e4.json]
[microclub.ch/category/microclub/page/4/index.html]
[microclub.ch/2025/05/04/vous-avez-dit-raspberry-pi-pico/feed/index.html]
[microclub.ch/wp-json/oembed/1.0/embed1c54]
[microclub.ch/wp-json/wp/v2/posts/5577.json]
[microclub.ch/wp-content/uploads/2025/05/word-image-5577-1.png]
[microclub.ch/wp-content/uploads/2025/05/word-image-5577-2.jpg]
[microclub.ch/wp-content/uploads/2025/05/word-image-5577-3.jpg]
[microclub.ch/wp-content/uploads/2025/05/word-image-5577-4.png]
[microclub.ch/wp-content/uploads/2025/05/word-image-5577-5.png]
[microclub.ch/wp-logina8d2.html]
[microclub.ch/2025/05/04/vous-avez-dit-raspberry-pi-pico/index.html]
[microclub.ch/author/jpbroillet/page/3/index.html]
[microclub.ch/index3522.html]
[microclub.ch/wp-login1985.html]
[microclub.ch/wp-json/oembed/1.0/embed38d3.json]
[microclub.ch/2025/05/04/pour-quelle-raison-16-2-3-hz/feed/index.html]
[microclub.ch/wp-json/oembed/1.0/embed4be7]
[microclub.ch/wp-json/wp/v2/posts/5572.json]
[microclub.ch/wp-content/uploads/2025/05/word-image-5572-1.jpg]
[microclub.ch/wp-content/uploads/2025/05/word-image-5572-2.jpg]
[microclub.ch/wp-loginbcb2.html]
[microclub.ch/2025/05/04/pour-quelle-raison-16-2-3-hz/index.html]
[microclub.ch/page/4/index.html]
[microclub.ch/page/5/index.html]
[microclub.ch/wp-json/wp/v2/categories/263.json]
[microclub.ch/category/presentations/index.html]
[microclub.ch/category/presentations/feed/index.html]
[microclub.ch/author/jmparatte/index.html]
[microclub.ch/2018/03/10/impression-jet-dencre-industrielle/index.html]
[microclub.ch/wp-json/oembed/1.0/embedd67e.json]
[microclub.ch/2024/03/11/conference-sur-les-thermocouples-vendredi-22-mars-2024-par-jean-pierre-broillet/feed/index.html]
[microclub.ch/wp-json/oembed/1.0/embed1c53]
[microclub.ch/wp-json/wp/v2/posts/5355.json]
[microclub.ch/wp-login9912.html]
[microclub.ch/2024/03/11/conference-sur-les-thermocouples-vendredi-22-mars-2024-par-jean-pierre-broillet/index.html]
[microclub.ch/author/franic/page/2/index.html]
[microclub.ch/index33c5.html]
[microclub.ch/wp-login1944.html]
[microclub.ch/indexd4de.html]
[microclub.ch/wp-login8783.html]
[microclub.ch/index3522-2.html]
[microclub.ch/author/franic/page/3/index.html]
[microclub.ch/wp-json/oembed/1.0/embed7f9e.json]
[microclub.ch/2024/04/10/software-defined-radio-radio-logicielle/feed/index.html]
[microclub.ch/wp-json/oembed/1.0/embed6439]
[microclub.ch/wp-json/wp/v2/posts/5363.json]
[microclub.ch/wp-login6e10.html]
[microclub.ch/2024/04/10/software-defined-radio-radio-logicielle/index.html]
[microclub.ch/wp-login7b96.html]
[microclub.ch/wp-json/oembed/1.0/embed45c0.json]
[microclub.ch/2020/08/22/arduino-yun-et-sources-de-temps/feed/index.html]
[microclub.ch/wp-json/oembed/1.0/embed325b]
[microclub.ch/wp-json/wp/v2/posts/4809.json]
[microclub.ch/wp-content/uploads/2020/08/word-image-1.191.delayed]
[microclub.ch/wp-content/uploads/2020/08/word-image-2.jpg]
[microclub.ch/wp-content/uploads/2020/08/word-image-2.png]
[microclub.ch/wp-content/uploads/2020/08/word-image-3.png]
[microclub.ch/wp-content/uploads/2020/08/word-image-4.png]
[microclub.ch/wp-content/uploads/2020/08/word-image-5.png]
[microclub.ch/wp-content/uploads/2020/08/word-image-6.png]
[microclub.ch/wp-content/uploads/2020/08/word-image-7.png]
[microclub.ch/wp-content/uploads/2020/08/word-image-8.png]
[microclub.ch/wp-content/uploads/2020/08/word-image-9.png]
[microclub.ch/wp-content/uploads/2020/08/word-image-10.png]
[microclub.ch/wp-content/uploads/2020/08/word-image-11.png]
[microclub.ch/wp-login3f56.html]
[microclub.ch/2020/08/22/arduino-yun-et-sources-de-temps/index.html]
[microclub.ch/wp-json/oembed/1.0/embed0dcd.json]
[microclub.ch/2020/06/14/traitement-des-boutons/feed/index.html]
[microclub.ch/wp-json/oembed/1.0/embed8a37]
[microclub.ch/wp-json/wp/v2/posts/4773.json]
[microclub.ch/wp-content/uploads/2020/06/word-image-3.1a1.delayed]
[microclub.ch/wp-content/uploads/2020/06/word-image-4.jpg]
[microclub.ch/wp-content/uploads/2020/06/word-image-1.png]
[microclub.ch/wp-content/uploads/2020/06/word-image-5.jpg]
[microclub.ch/wp-loginf54c.html]
[microclub.ch/2020/06/14/traitement-des-boutons/index.html]
[microclub.ch/category/articles/page/2/index.html]
[microclub.ch/index1911.html]
[microclub.ch/wp-login5e02.html]
[microclub.ch/index9913.html]
[microclub.ch/wp-login9f2c.html]
[microclub.ch/index174a.html]
[microclub.ch/wp-json/wp/v2/categories/282.json]
[microclub.ch/2020/03/01/lecture-230vac-par-arduino-ou-autre-cpu/index.html]
[microclub.ch/2019/10/27/echanger-le-ssd-sur-pc-portable/index.html]
[microclub.ch/category/ateliers/index.html]
[microclub.ch/2017/08/04/ateliers/index.html]
[microclub.ch/wp-logind430.html]
[microclub.ch/indexa810.html]
[microclub.ch/wp-loginb8bf.html]
[microclub.ch/category/articles/page/3/index.html]
[microclub.ch/category/ateliers/feed/index.html]
[microclub.ch/2016/10/11/materiel-pour-atelier-esp8266/index.html]
[microclub.ch/wp-json/oembed/1.0/embedf94e.json]
[microclub.ch/2020/05/04/seances-en-ligne/feed/index.html]
[microclub.ch/wp-json/oembed/1.0/embeddbc8]
[microclub.ch/wp-json/wp/v2/posts/4766.json]
[microclub.ch/wp-content/uploads/2020/05/JMP2.1aa.delayed]
[microclub.ch/wp-content/uploads/2020/05/JMP2-300x232.png]
[microclub.ch/wp-content/uploads/2020/05/JMP1.png]
[microclub.ch/wp-content/uploads/2020/05/JMP1-300x140.png]
[microclub.ch/wp-content/uploads/2020/04/Mise-en-route-de-ZOOM.pdf]
[microclub.ch/wp-loginae91.html]
[microclub.ch/2020/05/04/seances-en-ligne/index.html]
[microclub.ch/author/rolfz/page/2/index.html]
[microclub.ch/indexd22b.html]
[microclub.ch/2019/10/19/data-en-graphique/index.html]
[microclub.ch/wp-json/oembed/1.0/embedaae7.json]
[microclub.ch/2019/10/07/p19-commande-de-neoleds-pour-reveil-ebauche/index.html]
[microclub.ch/author/rolfz/page/3/index.html]
[microclub.ch/2018/04/29/how-i-became-a-youtuber-par-andreas-spiess/feed/index.html]
[microclub.ch/wp-json/oembed/1.0/embede36f]
[microclub.ch/wp-json/wp/v2/posts/3851.json]
[microclub.ch/wp-login514b.html]
[microclub.ch/2018/04/29/how-i-became-a-youtuber-par-andreas-spiess/index.html]
[microclub.ch/wp-login9f76.html]
[microclub.ch/index3e8e.html]
[microclub.ch/wp-json/oembed/1.0/embedf6b2.json]
[microclub.ch/2018/09/23/google-assemble/feed/index.html]
[microclub.ch/wp-json/oembed/1.0/embedf868]
[microclub.ch/wp-json/wp/v2/posts/4019.json]
[microclub.ch/wp-content/uploads/2018/09/appareils-connexions.1b7.delayed]
[microclub.ch/wp-content/uploads/2018/09/vacances.jpg]
[microclub.ch/wp-content/uploads/2018/09/Lieu-Binn.png]
[microclub.ch/wp-loginb2b0.html]
[microclub.ch/2018/09/23/google-assemble/index.html]
[microclub.ch/wp-logincafa.html]
[microclub.ch/wp-login.html]
[microclub.ch/category/microclub/page/4/index.html]
[microclub.ch/indexd69c.html]
[microclub.ch/wp-logina8d2.html]
[microclub.ch/indexdd00.html]
[microclub.ch/wp-loginbcb2.html]
[microclub.ch/2019/01/06/nouvelle-salle-de-conference-me-d2-2423/index.html]
[microclub.ch/category/microclub/page/5/index.html]
[microclub.ch/wp-json/wp/v2/users/85.json]
[microclub.ch/author/jmparatte/index.html]
[microclub.ch/page/5/index.html]
[microclub.ch/2019/06/14/2019-06-14-interface-optique-pour-compteurs-denergie-electrique-landisgyr-e230/index.html]
[microclub.ch/page/6/index.html]
[microclub.ch/author/jmparatte/feed/index.html]
[microclub.ch/wp-json/oembed/1.0/embedb203.json]
[microclub.ch/2018/03/10/impression-jet-dencre-industrielle/feed/index.html]
[microclub.ch/wp-json/oembed/1.0/embed4cc3]
[microclub.ch/wp-json/wp/v2/posts/3808.json]
[microclub.ch/wp-logind860.html]
[microclub.ch/2018/03/10/impression-jet-dencre-industrielle/index.html]
[microclub.ch/indexf36e.html]
[microclub.ch/wp-login9912.html]
[microclub.ch/author/franic/page/3/index.html]
[microclub.ch/2018/02/26/decoupage-denregistrements-sonores-avec-audacity/index.html]
[microclub.ch/2020/01/16/transformation-dun-ancien-recepteur-radio-par-une-radio-internet/index.html]
[microclub.ch/index54f4.html]
[microclub.ch/2017/01/15/cnc-grbl/index.html]
[microclub.ch/wp-login6e10.html]
[microclub.ch/2016/04/26/spectre-lumineux-de-lampes-de-technologies-differentes/index.html]
[microclub.ch/index041a.html]
[microclub.ch/wp-login3f56.html]
[microclub.ch/indexe70a.html]
[microclub.ch/wp-loginf54c.html]
[microclub.ch/2015/05/21/trouver-lemplacement-du-fichier-de-sortie-hex-dans-arduino/index.html]
[microclub.ch/category/projets/index.html]
[microclub.ch/author/franic/page/4/index.html]
[microclub.ch/wp-json/oembed/1.0/embed8f34.json]
[microclub.ch/2020/03/01/lecture-230vac-par-arduino-ou-autre-cpu/feed/index.html]
[microclub.ch/wp-json/oembed/1.0/embedc69a]
[microclub.ch/wp-json/wp/v2/posts/4733.json]
[microclub.ch/wp-content/uploads/2020/03/word-image.1c3.delayed]
[microclub.ch/wp-content/uploads/2020/03/word-image-1.1c4.delayed]
[microclub.ch/2014/10/11/yun-monitoring-de-leau-solaire/index.html]
[microclub.ch/wp-content/uploads/2020/03/word-image.png]
[microclub.ch/wp-content/uploads/2020/03/word-image-2-300x268.jpg]
[microclub.ch/wp-content/uploads/2020/03/word-image-1.png]
[microclub.ch/wp-content/uploads/2020/03/word-image-3.jpg]
[microclub.ch/wp-content/uploads/2020/03/word-image-4.jpg]
[microclub.ch/wp-content/uploads/2020/03/word-image-2.png]
[microclub.ch/wp-content/uploads/2020/03/word-image-3.png]
[microclub.ch/wp-content/uploads/2020/03/word-image-4.png]
[microclub.ch/wp-login7874.html]
[microclub.ch/2020/03/01/lecture-230vac-par-arduino-ou-autre-cpu/index.html]
[microclub.ch/wp-json/oembed/1.0/embed2a38.json]
[microclub.ch/2019/10/27/echanger-le-ssd-sur-pc-portable/feed/index.html]
[microclub.ch/wp-json/oembed/1.0/embeda938]
[microclub.ch/wp-json/wp/v2/posts/4663.json]
[microclub.ch/wp-content/uploads/2019/10/word-image.png]
[microclub.ch/wp-content/uploads/2019/10/word-image-1.png]
[microclub.ch/wp-content/uploads/2019/10/word-image-2.png]
[microclub.ch/wp-content/uploads/2019/10/word-image-3.png]
[microclub.ch/wp-content/uploads/2019/10/word-image.jpg]
[microclub.ch/wp-content/uploads/2019/10/word-image-1.jpg]
[microclub.ch/wp-content/uploads/2019/10/word-image-2.jpg]
[microclub.ch/wp-content/uploads/2019/10/word-image-3.jpg]
[microclub.ch/wp-login2e92.html]
[microclub.ch/2019/10/27/echanger-le-ssd-sur-pc-portable/index.html]
[microclub.ch/wp-content/uploads/2018/02/http-microclub-ch-wp-content-uploads-2017-11-wor-5-800x445.png]
[microclub.ch/2018/02/25/git-et-github-experiences-et-resultats/index.html]
[microclub.ch/category/articles/page/3/index.html]
[microclub.ch/2018/01/05/eau-chaude-calcul-de-constante-de-temps/index.html]
[microclub.ch/wp-json/oembed/1.0/embed97a8.json]
[microclub.ch/2017/12/14/joyeux-noel-et-bonne-annee/index.html]
[microclub.ch/category/articles/page/4/index.html]
[microclub.ch/2017/08/04/ateliers/feed/index.html]
[microclub.ch/wp-json/oembed/1.0/embed3275]
[microclub.ch/wp-json/wp/v2/posts/3418.json]
[microclub.ch/wp-content/uploads/2017/08/brico2-300x183.jpg]
[microclub.ch/wp-logina6dc.html]
[microclub.ch/2017/08/04/ateliers/index.html]
[microclub.ch/2017/10/24/quel-est-le-nom-du-programme-dans-cette-vieille-carte/index.html]
[microclub.ch/2017/07/14/petit-rappel-des-differences-de-processeurs-en-programmation-de-c/index.html]
[microclub.ch/wp-json/oembed/1.0/embedac4e.json]
[microclub.ch/2016/10/11/materiel-pour-atelier-esp8266/feed/index.html]
[microclub.ch/wp-json/oembed/1.0/embed3c94]
[microclub.ch/wp-json/wp/v2/posts/2606.json]
[microclub.ch/wp-content/uploads/2016/10/node_mcu.jpg]
[microclub.ch/wp-content/uploads/2016/10/oled096.jpg]
[microclub.ch/wp-content/uploads/2016/10/breadboard.jpg]
[microclub.ch/wp-content/uploads/2016/10/capteur_H_T.jpg]
[microclub.ch/wp-content/uploads/2016/10/oled1.3.jpg]
[microclub.ch/wp-login905b.html]
[microclub.ch/2016/11/18/atelier-esp8266-premiere-soiree/index.html]
[microclub.ch/2016/10/11/materiel-pour-atelier-esp8266/index.html]
[microclub.ch/index45c8.html]
[microclub.ch/wp-loginae91.html]
[microclub.ch/2016/10/07/module-esp8266-internet-des-objets/index.html]
[microclub.ch/wp-json/oembed/1.0/embedaaa6.json]
[microclub.ch/2019/10/19/data-en-graphique/feed/index.html]
[microclub.ch/wp-json/oembed/1.0/embeddd0c]
[microclub.ch/wp-json/wp/v2/posts/4645.json]
[microclub.ch/wp-login7616.html]
[microclub.ch/2019/10/19/data-en-graphique/index.html]
[microclub.ch/wp-json/oembed/1.0/embed3b63.json]
[microclub.ch/2019/10/07/p19-commande-de-neoleds-pour-reveil-ebauche/feed/index.html]
[microclub.ch/wp-json/oembed/1.0/embedbdb1]
[microclub.ch/wp-json/wp/v2/posts/4638.json]
[microclub.ch/wp-content/uploads/2019/10/neoled.1f0.delayed]
[microclub.ch/wp-login5c1c.html]
[microclub.ch/2019/10/07/p19-commande-de-neoleds-pour-reveil-ebauche/index.html]
[microclub.ch/author/rolfz/page/3/index.html]
[microclub.ch/2019/06/05/p19-montage-de-base/index.html]
[microclub.ch/2019/03/10/p19-1er-prototype-en-test/index.html]
[microclub.ch/2019/02/18/p19-ca-avance/index.html]
[microclub.ch/index48c4.html]
[microclub.ch/wp-login514b.html]
[microclub.ch/indexf743.html]
[microclub.ch/2019/02/26/p19-le-premier-proto-est-parti-en-production/index.html]
[microclub.ch/wp-json/oembed/1.0/embeda9fb.json]
[microclub.ch/author/rolfz/page/4/index.html]
[microclub.ch/2019/01/06/nouvelle-salle-de-conference-me-d2-2423/feed/index.html]
[microclub.ch/wp-json/oembed/1.0/embed21ae]
[microclub.ch/wp-json/wp/v2/posts/4159.json]
[microclub.ch/wp-content/uploads/2019/01/nouveau-local.jpg]
[microclub.ch/wp-login276e.html]
[microclub.ch/2019/01/06/nouvelle-salle-de-conference-me-d2-2423/index.html]
[microclub.ch/wp-loginb2b0.html]
[microclub.ch/category/microclub/page/5/index.html]
[microclub.ch/2019/01/26/le-projet-2019-est-lance/index.html]
[microclub.ch/wp-json/oembed/1.0/embed70c2.json]
[microclub.ch/category/microclub/page/6/index.html]
[microclub.ch/2019/06/14/2019-06-14-interface-optique-pour-compteurs-denergie-electrique-landisgyr-e230/feed/index.html]
[microclub.ch/wp-json/oembed/1.0/embed7ccc]
[microclub.ch/wp-json/wp/v2/posts/4576.json]
[microclub.ch/wp-content/uploads/2019/06/e230.1fa.delayed]
[microclub.ch/wp-content/uploads/2019/06/e230-sch.pdf]
[microclub.ch/wp-content/uploads/2019/06/e230-brd.pdf]
[microclub.ch/wp-login7ddf.html]
[microclub.ch/2019/06/14/2019-06-14-interface-optique-pour-compteurs-denergie-electrique-landisgyr-e230/index.html]
[microclub.ch/page/6/index.html]
[microclub.ch/index87bd.html]
[microclub.ch/wp-json/oembed/1.0/embed5cc1.json]
[microclub.ch/2018/02/26/decoupage-denregistrements-sonores-avec-audacity/feed/index.html]
[microclub.ch/page/7/index.html]
[microclub.ch/wp-json/oembed/1.0/embed97ea]
[microclub.ch/wp-json/wp/v2/posts/3716.json]
[microclub.ch/wp-content/uploads/2018/04/word-image.png]
[microclub.ch/wp-content/uploads/2018/04/word-image-1.png]
[microclub.ch/wp-content/uploads/2018/04/word-image-2.png]
[microclub.ch/wp-content/uploads/2018/04/word-image-3.png]
[microclub.ch/wp-content/uploads/2018/04/word-image-4.png]
[microclub.ch/wp-content/uploads/2018/04/word-image-5.png]
[microclub.ch/wp-content/uploads/2018/04/word-image-6.png]
[microclub.ch/wp-content/uploads/2018/04/word-image-7.png]
[microclub.ch/wp-content/uploads/2018/04/word-image-8.png]
[microclub.ch/wp-content/uploads/2018/04/word-image-9.png]
[microclub.ch/wp-loginaea7.html]
[microclub.ch/2018/02/26/decoupage-denregistrements-sonores-avec-audacity/index.html]
[microclub.ch/wp-logind860.html]
[microclub.ch/wp-json/wp/v2/categories/249.json]
[microclub.ch/category/projets/index.html]
[microclub.ch/2016/07/18/courrier-davant-microclub/index.html]
[microclub.ch/2016/07/28/le-reseau-du-microclub-nostalgie-40eme/index.html]
[microclub.ch/category/projets/feed/index.html]
[microclub.ch/wp-json/oembed/1.0/embed3537.json]
[microclub.ch/2016/07/14/mi-chronique-nostalgie/index.html]
[microclub.ch/category/projets/page/2/index.html]
[microclub.ch/2020/01/16/transformation-dun-ancien-recepteur-radio-par-une-radio-internet/feed/index.html]
[microclub.ch/wp-json/oembed/1.0/embeda3be]
[microclub.ch/wp-json/wp/v2/posts/4700.json]
[microclub.ch/wp-content/uploads/2020/01/word-image.210.delayed]
[microclub.ch/wp-content/uploads/2020/01/word-image.png]
[microclub.ch/wp-content/uploads/2020/01/word-image-1.png]
[microclub.ch/wp-content/uploads/2020/01/word-image-2.png]
[microclub.ch/wp-content/uploads/2020/01/word-image-3.png]
[microclub.ch/wp-content/uploads/2020/01/word-image-4.png]
[microclub.ch/wp-content/uploads/2020/01/word-image-5.png]
[microclub.ch/wp-content/uploads/2020/01/word-image-6.png]
[microclub.ch/wp-content/uploads/2020/01/Mediator1_SCH.pdf]
[microclub.ch/wp-loginb64e.html]
[microclub.ch/2020/01/16/transformation-dun-ancien-recepteur-radio-par-une-radio-internet/index.html]
[microclub.ch/2017/01/15/cnc-grbl/feed/index.html]
[microclub.ch/wp-json/oembed/1.0/embeda15d.json]
[microclub.ch/wp-json/oembed/1.0/embed36a3]
[microclub.ch/wp-json/wp/v2/posts/2957.json]
[microclub.ch/wp-content/uploads/2017/01/CNC-V3-1.jpg]
[microclub.ch/wp-content/uploads/2017/01/CNC-V3-1-300x300.jpg]
[microclub.ch/wp-content/uploads/2017/01/XYZ.png]
[microclub.ch/wp-content/uploads/2017/01/XYZ-300x297.png]
[microclub.ch/wp-content/uploads/2017/01/GCodeSenderPlateForm.png]
[microclub.ch/wp-content/uploads/2017/01/GCodeSenderPlateForm-300x203.png]
[microclub.ch/wp-content/uploads/2017/01/bCNC.png]
[microclub.ch/wp-content/uploads/2017/01/bCNC-300x222.png]
[microclub.ch/2017/01/07/explorer-des-elements-de-domotique/index.html]
[microclub.ch/2017/04/16/fabrication-de-prototypes-pcb-mon-marche-finition-avec-une-cnc/index.html]
[microclub.ch/2017/01/15/cnc-grbl/index.html]
[microclub.ch/wp-loginb6d1.html]
[microclub.ch/2016/04/26/spectre-lumineux-de-lampes-de-technologies-differentes/feed/index.html]
[microclub.ch/wp-json/oembed/1.0/embed2a9f.json]
[microclub.ch/wp-json/oembed/1.0/embed9934]
[microclub.ch/wp-json/wp/v2/posts/2316.json]
[microclub.ch/wp-content/uploads/2016/04/Halogenep-1.jpg]
[microclub.ch/wp-content/uploads/2016/04/SpectreHal.jpg]
[microclub.ch/wp-content/uploads/2016/04/SpectreHal-300x233.jpg]
[microclub.ch/wp-content/uploads/2016/04/EcoP.jpg]
[microclub.ch/wp-content/uploads/2016/04/SpectreFluo-1.jpg]
[microclub.ch/wp-content/uploads/2016/04/SpectreFluo-1-300x232.jpg]
[microclub.ch/wp-content/uploads/2016/04/LED-blanc-chaudp.jpg]
[microclub.ch/wp-content/uploads/2016/04/SpectreLED.jpg]
[microclub.ch/wp-content/uploads/2016/04/SpectreLED-300x239.jpg]
[microclub.ch/2016/04/26/spectre-lumineux-de-lampes-de-technologies-differentes/index.html]
[microclub.ch/wp-login1ef9.html]
[microclub.ch/2016/04/25/le-microclub-est-en-deuil/index.html]
[microclub.ch/2016/06/04/configuration-de-drones/index.html]
[microclub.ch/wp-json/oembed/1.0/embedc912.json]
[microclub.ch/2015/05/21/trouver-lemplacement-du-fichier-de-sortie-hex-dans-arduino/feed/index.html]
[microclub.ch/wp-json/oembed/1.0/embed45b3]
[microclub.ch/wp-json/wp/v2/posts/1929.json]
[microclub.ch/wp-content/uploads/2015/05/Préférences.png]
[microclub.ch/wp-content/uploads/2015/05/Préférences-257x300.png]
[microclub.ch/wp-content/uploads/2015/05/Coche.png]
[microclub.ch/wp-content/uploads/2015/05/Coche-300x162.png]
[microclub.ch/wp-content/uploads/2015/05/OUT.png]
[microclub.ch/wp-content/uploads/2015/05/OUT-300x97.png]
[microclub.ch/wp-login2d56.html]
[microclub.ch/2015/05/18/main-robotique-pouvant-coder-le-lpc/index.html]
[microclub.ch/2015/05/21/trouver-lemplacement-du-fichier-de-sortie-hex-dans-arduino/index.html]
[microclub.ch/2015/05/29/1944/index.html]
[microclub.ch/wp-content/uploads/2013/02/Trafic2p.png]
[microclub.ch/author/franic/page/4/index.html]
[microclub.ch/2014/01/15/edison-un-ordinateur-au-format-dune-carte-sd/index.html]
[microclub.ch/2013/02/25/exemples-et-documentation-arduino/index.html]
[microclub.ch/index9fe1.html]
[microclub.ch/2013/02/19/ninite-installer-plus-de-60-logiciels-pratiques-en-un-seul-clic/index.html]
[microclub.ch/wp-json/oembed/1.0/embedaa18.json]
[microclub.ch/2013/02/19/vous-cherchez-un-petit-utilitaire-pour/index.html]
[microclub.ch/author/franic/page/5/index.html]
[microclub.ch/2014/10/11/yun-monitoring-de-leau-solaire/feed/index.html]
[microclub.ch/wp-json/oembed/1.0/embedc336]
[microclub.ch/wp-json/wp/v2/posts/1526.json]
[microclub.ch/wp-content/uploads/2014/10/1-schema.jpg]
[microclub.ch/wp-content/uploads/2014/10/2-notes-param.jpg]
[microclub.ch/wp-content/uploads/2014/10/Yun-ecs.jpg]
[microclub.ch/wp-content/uploads/2014/10/Yun-ecs-832x1024.jpg]
[microclub.ch/wp-content/uploads/2014/10/3-pompe-ko.jpg]
[microclub.ch/wp-content/uploads/2014/10/3-pompe-vitesse2.jpg]
[microclub.ch/wp-content/uploads/2014/10/3-pompe-vitesse1.jpg]
[microclub.ch/wp-loginaadb.html]
[microclub.ch/2014/08/13/yun-experiences-decouvertes/index.html]
[microclub.ch/2014/10/11/yun-monitoring-de-leau-solaire/index.html]
[microclub.ch/wp-login7874.html]
[microclub.ch/index1cde.html]
[microclub.ch/wp-login2e92.html]
[microclub.ch/2014/11/12/sit-systeme-dinformation-sur-le-territoire/index.html]
[microclub.ch/wp-json/oembed/1.0/embedc3f5.json]
[microclub.ch/2018/02/25/git-et-github-experiences-et-resultats/feed/index.html]
[microclub.ch/wp-json/oembed/1.0/embed3cf0]
[microclub.ch/wp-json/wp/v2/posts/3768.json]
[microclub.ch/wp-content/uploads/2018/02/http-microclub-ch-wp-content-uploads-2017-11-wor-5-1024x594.png]
[microclub.ch/wp-content/uploads/2018/02/http-microclub-ch-wp-content-uploads-2017-11-wor.png]
[microclub.ch/wp-content/uploads/2018/02/http-microclub-ch-wp-content-uploads-2017-11-wor-1.png]
[microclub.ch/wp-content/uploads/2018/02/http-microclub-ch-wp-content-uploads-2017-11-wor-2.png]
[microclub.ch/wp-content/uploads/2018/02/http-microclub-ch-wp-content-uploads-2017-11-wor-3.png]
[microclub.ch/wp-content/uploads/2018/02/http-microclub-ch-wp-content-uploads-2017-11-wor-4.png]
[microclub.ch/wp-content/uploads/2018/02/http-microclub-ch-wp-content-uploads-2017-11-wor-5.png]
[microclub.ch/wp-content/uploads/2018/02/http-microclub-ch-wp-content-uploads-2017-11-wor-6.png]
[microclub.ch/wp-content/uploads/2018/02/http-microclub-ch-wp-content-uploads-2017-11-wor-7.png]
[microclub.ch/wp-content/uploads/2018/02/http-microclub-ch-wp-content-uploads-2017-11-wor-8.png]
[microclub.ch/wp-content/uploads/2018/02/http-microclub-ch-wp-content-uploads-2017-11-wor-9.png]
[microclub.ch/wp-content/uploads/2018/02/http-microclub-ch-wp-content-uploads-2017-11-wor-10.png]
[microclub.ch/wp-content/uploads/2018/02/http-microclub-ch-wp-content-uploads-2017-11-wor-11.png]
[microclub.ch/wp-content/uploads/2018/02/http-microclub-ch-wp-content-uploads-2017-11-wor-12.png]
[microclub.ch/wp-logine296.html]
[microclub.ch/2018/02/07/atelier-arduino-deverminage-et-multi-tache/index.html]
[microclub.ch/2018/02/25/git-et-github-experiences-et-resultats/index.html]
[microclub.ch/wp-json/oembed/1.0/embed8a61.json]
[microclub.ch/2018/01/05/eau-chaude-calcul-de-constante-de-temps/feed/index.html]
[microclub.ch/wp-json/oembed/1.0/embeda260]
[microclub.ch/wp-json/wp/v2/posts/3592.json]
[microclub.ch/wp-content/uploads/2018/01/word-image.25e.delayed]
[microclub.ch/wp-content/uploads/2018/01/word-image-1.jpg]
[microclub.ch/wp-content/uploads/2018/01/word-image-2.jpg]
[microclub.ch/wp-content/uploads/2018/01/word-image-3.jpg]
[microclub.ch/wp-content/uploads/2018/01/word-image-4.jpg]
[microclub.ch/wp-content/uploads/2018/01/word-image-5.jpg]
[microclub.ch/wp-content/uploads/2018/01/word-image-6.jpg]
[microclub.ch/wp-login2dcd.html]
[microclub.ch/2018/01/05/eau-chaude-calcul-de-constante-de-temps/index.html]
[microclub.ch/wp-json/oembed/1.0/embed2fbf.json]
[microclub.ch/2017/12/14/joyeux-noel-et-bonne-annee/feed/index.html]
[microclub.ch/wp-json/oembed/1.0/embed6b9c]
[microclub.ch/wp-json/wp/v2/posts/3569.json]
[microclub.ch/wp-content/uploads/2017/12/tree-300x225.269.delayed]
[microclub.ch/2017/12/14/joyeux-noel-et-bonne-annee/tree/index.html]
[microclub.ch/wp-login4520.html]
[microclub.ch/2017/12/14/joyeux-noel-et-bonne-annee/index.html]
[microclub.ch/category/articles/page/4/index.html]
[microclub.ch/index1c21.html]
[microclub.ch/2017/08/04/ateliers/brico2/index.html]
[microclub.ch/wp-json/oembed/1.0/embed8f23.json]
[microclub.ch/2017/06/13/attention-aux-erreurs-de-dedouanement-a-mediter/index.html]
[microclub.ch/2017/04/17/router-internet-en-nat-avec-un-pc/index.html]
[microclub.ch/category/articles/page/5/index.html]
[microclub.ch/wp-json/oembed/1.0/embedf467]
[microclub.ch/2017/07/14/petit-rappel-des-differences-de-processeurs-en-programmation-de-c/feed/index.html]
[microclub.ch/wp-json/wp/v2/posts/3394.json]
[microclub.ch/wp-content/uploads/2017/07/revoxb77_main-300x172.jpg]
[microclub.ch/wp-content/uploads/2017/07/B77_stop-300x155.jpg]
[microclub.ch/wp-login7cce.html]
[microclub.ch/2017/07/14/petit-rappel-des-differences-de-processeurs-en-programmation-de-c/index.html]
[microclub.ch/wp-json/oembed/1.0/embedcf60.json]
[microclub.ch/2017/10/24/quel-est-le-nom-du-programme-dans-cette-vieille-carte/feed/index.html]
[microclub.ch/wp-json/oembed/1.0/embed06c7]
[microclub.ch/wp-json/wp/v2/posts/3504.json]
[microclub.ch/wp-loginc104.html]
[microclub.ch/2017/10/24/quel-est-le-nom-du-programme-dans-cette-vieille-carte/index.html]
[microclub.ch/wp-logina6dc.html]
[microclub.ch/index39c7.html]
[microclub.ch/node_mcu/index.html]
[microclub.ch/oled096/index.html]
[microclub.ch/breadboard/index.html]
[microclub.ch/capteur_h_t/index.html]
[microclub.ch/oled1-3/index.html]
[microclub.ch/author/nicoud/index.html]
[microclub.ch/2015/03/02/breadboard-et-simulateurs-de-circuits-electroniques/index.html]
[microclub.ch/wp-json/oembed/1.0/embeddac2.json]
[microclub.ch/2016/10/07/module-esp8266-internet-des-objets/feed/index.html]
[microclub.ch/wp-json/oembed/1.0/embed4218]
[microclub.ch/wp-json/wp/v2/posts/2592.json]
[microclub.ch/wp-login653e.html]
[microclub.ch/2016/10/07/module-esp8266-internet-des-objets/index.html]
[microclub.ch/2016/09/25/40eme-anniversaire-du-microclub-24-septembre-2016-a-renens/index.html]
[microclub.ch/2016/11/18/atelier-esp8266-premiere-soiree/feed/index.html]
[microclub.ch/wp-json/oembed/1.0/embed59ec.json]
[microclub.ch/wp-json/oembed/1.0/embeda236]
[microclub.ch/wp-json/wp/v2/posts/2643.json]
[microclub.ch/wp-content/uploads/2016/11/ESP_S1a.jpg]
[microclub.ch/wp-content/uploads/2016/11/ESP_S1b.jpg]
[microclub.ch/2016/11/28/recompiler-un-ancien-projet/index.html]
[microclub.ch/2016/11/18/atelier-esp8266-premiere-soiree/index.html]
[microclub.ch/wp-login905b.html]
[microclub.ch/indexb4bc.html]
[microclub.ch/index559b.html]
[microclub.ch/wp-login7616.html]
[microclub.ch/index4fb2.html]
[microclub.ch/wp-login5c1c.html]
[microclub.ch/wp-login07b9.html]
[microclub.ch/2019/10/19/data-en-graphique/datas-en-graphique/index.html]
[microclub.ch/wp-json/oembed/1.0/embed3076.json]
[microclub.ch/2019/06/05/p19-montage-de-base/feed/index.html]
[microclub.ch/wp-json/oembed/1.0/embedcca1]
[microclub.ch/wp-json/wp/v2/posts/4547.json]
[microclub.ch/wp-content/uploads/2019/06/P19-CPU-OLED.jpg]
[microclub.ch/wp-content/uploads/2019/06/P19-Gyro.jpg]
[microclub.ch/wp-loginf78c.html]
[microclub.ch/2019/06/05/p19-montage-de-base/index.html]
[microclub.ch/wp-json/oembed/1.0/embed96bb.json]
[microclub.ch/2019/03/10/p19-1er-prototype-en-test/feed/index.html]
[microclub.ch/wp-json/oembed/1.0/embed1a69]
[microclub.ch/wp-json/wp/v2/posts/4363.json]
[microclub.ch/wp-content/uploads/2019/03/IMG_8365.288.delayed]
[microclub.ch/wp-content/uploads/2019/04/IMG_8517.qt]
[microclub.ch/wp-content/uploads/2019/03/image.png]
[microclub.ch/wp-content/uploads/2019/03/tft_spi-1.ico]
[microclub.ch/atelierESP/P19_OLED_Large_Clock.zip]
[microclub.ch/wp-login2ab0.html]
[microclub.ch/2019/03/10/p19-1er-prototype-en-test/index.html]
[microclub.ch/wp-json/oembed/1.0/embeda1b3.json]
[microclub.ch/2019/02/26/p19-le-premier-proto-est-parti-en-production/feed/index.html]
[microclub.ch/wp-json/oembed/1.0/embed0a98]
[microclub.ch/wp-json/wp/v2/posts/4327.json]
[microclub.ch/wp-content/uploads/2019/02/P19_26.2.2019_bot-1.jpg]
[microclub.ch/wp-login58ad.html]
[microclub.ch/2019/02/26/p19-le-premier-proto-est-parti-en-production/index.html]
[microclub.ch/2019/02/18/p19-ca-avance/feed/index.html]
[microclub.ch/wp-json/oembed/1.0/embed56c0.json]
[microclub.ch/wp-json/oembed/1.0/embed791c]
[microclub.ch/wp-json/wp/v2/posts/4273.json]
[microclub.ch/wp-content/uploads/2019/02/image-1-1024x779.png]
[microclub.ch/wp-logind974.html]
[microclub.ch/2019/02/18/p19-ca-avance/index.html]
[microclub.ch/author/rolfz/page/4/index.html]
[microclub.ch/indexdd3f.html]
[microclub.ch/wp-json/oembed/1.0/embed0f6c.json]
[microclub.ch/author/rolfz/page/5/index.html]
[microclub.ch/2019/01/26/le-projet-2019-est-lance/feed/index.html]
[microclub.ch/wp-json/oembed/1.0/embeddee7]
[microclub.ch/wp-json/wp/v2/posts/4195.json]
[microclub.ch/wp-content/uploads/2019/02/MicroRobot_2019_proto1.1g-1-1024x683.png]
[microclub.ch/wp-content/uploads/2019/02/power-topG2-1-1024x823.jpg]
[microclub.ch/wp-content/uploads/2019/02/MicroRobot_2019_proto1.1g_split65-1-1024x683.png]
[microclub.ch/wp-loginff0c.html]
[microclub.ch/2019/01/26/le-projet-2019-est-lance/index.html]
[microclub.ch/wp-login276e.html]
[microclub.ch/category/microclub/page/6/index.html]
[microclub.ch/index1ed1.html]
[microclub.ch/wp-login7ddf.html]
[microclub.ch/page/7/index.html]
[microclub.ch/indexf060.html]
[microclub.ch/wp-loginaea7.html]
[microclub.ch/2016/07/28/le-reseau-du-microclub-nostalgie-40eme/feed/index.html]
[microclub.ch/wp-json/oembed/1.0/embedf9db.json]
[microclub.ch/page/8/index.html]
[microclub.ch/category/microclub/page/7/index.html]
[microclub.ch/wp-json/oembed/1.0/embedb3b3]
[microclub.ch/wp-json/wp/v2/posts/2438.json]
[microclub.ch/wp-content/uploads/2016/07/reseau_mic-ronet.pdf]
[microclub.ch/wp-content/uploads/2016/07/micro-net.jpg]
[microclub.ch/2016/08/10/archive-de-magasines-nostalgie-40-ans-du-microclub/index.html]
[microclub.ch/2016/07/28/le-reseau-du-microclub-nostalgie-40eme/index.html]
[microclub.ch/wp-logine6aa.html]
[microclub.ch/wp-json/oembed/1.0/embedf1ad.json]
[microclub.ch/2016/07/18/courrier-davant-microclub/feed/index.html]
[microclub.ch/wp-json/oembed/1.0/embed6cf4]
[microclub.ch/wp-json/wp/v2/posts/2427.json]
[microclub.ch/wp-content/uploads/2016/07/Club-CROCUS.jpg]
[microclub.ch/wp-content/uploads/2016/07/Club-CROCUS3-728x1024.jpg]
[microclub.ch/2016/07/18/courrier-davant-microclub/index.html]
[microclub.ch/wp-logind283.html]
[microclub.ch/wp-json/oembed/1.0/embedc813.json]
[microclub.ch/2016/07/14/mi-chronique-nostalgie/feed/index.html]
[microclub.ch/wp-json/oembed/1.0/embeded6d]
[microclub.ch/wp-json/wp/v2/posts/2398.json]
[microclub.ch/wp-content/uploads/2016/07/mi-chronique_no1_1983.pdf]
[microclub.ch/wp-content/uploads/2016/07/numérisation-1024x724.jpg]
[microclub.ch/wp-content/uploads/2016/07/mi-chronique_no2_1983.pdf]
[microclub.ch/wp-content/uploads/2016/07/mi-chronique_no3_1984.pdf]
[microclub.ch/wp-content/uploads/2016/07/mi-chronique_no4_1984.pdf]
[microclub.ch/wp-login7b8a.html]
[microclub.ch/2016/07/14/mi-chronique-nostalgie/index.html]
[microclub.ch/category/projets/page/2/index.html]
[microclub.ch/2015/11/26/1978-smaky6-les-schemas/index.html]
[microclub.ch/2015/11/22/systeme-crocus-1975/index.html]
[microclub.ch/index1281.html]
[microclub.ch/wp-loginb64e.html]
[microclub.ch/index1c66.html]
[microclub.ch/wp-json/oembed/1.0/embedf2b7.json]
[microclub.ch/wp-json/oembed/1.0/embed70df]
[microclub.ch/wp-json/wp/v2/posts/2919.json]
[microclub.ch/wp-content/uploads/2017/01/schema-LAN-Masur.jpg]
[microclub.ch/wp-content/uploads/2017/01/schema-LAN-Masur-1024x576.jpg]
[microclub.ch/wp-content/uploads/2017/01/16-bouton-racc.jpg]
[microclub.ch/wp-content/uploads/2017/01/16-bouton-racc-295x300.jpg]
[microclub.ch/wp-content/uploads/2017/01/17-yeelight-offline.jpg]
[microclub.ch/wp-content/uploads/2017/01/17-yeelight-offline-300x224.jpg]
[microclub.ch/wp-content/uploads/2017/01/18-yeelight-how.jpg]
[microclub.ch/wp-content/uploads/2017/01/18-yeelight-how-300x96.jpg]
[microclub.ch/wp-content/uploads/2017/01/00-sonoff.jpg]
[microclub.ch/wp-content/uploads/2017/01/01-ewelink-droits.jpg]
[microclub.ch/wp-content/uploads/2017/01/01-ewelink-droits-173x300.jpg]
[microclub.ch/wp-content/uploads/2017/01/02-securité.jpg]
[microclub.ch/wp-content/uploads/2017/01/02-securité-169x300.jpg]
[microclub.ch/wp-content/uploads/2017/01/03-ewelink-pairing.jpg]
[microclub.ch/wp-content/uploads/2017/01/03-ewelink-pairing-169x300.jpg]
[microclub.ch/wp-content/uploads/2017/01/03-ewelink-pair-fail.jpg]
[microclub.ch/wp-content/uploads/2017/01/03-ewelink-pair-fail-169x300.jpg]
[microclub.ch/wp-content/uploads/2017/01/06-DHCP.png]
[microclub.ch/wp-content/uploads/2017/01/04-ewelink-device-offline.jpg]
[microclub.ch/wp-content/uploads/2017/01/04-ewelink-device-offline-576x1024.jpg]
[microclub.ch/2017/01/07/explorer-des-elements-de-domotique/feed/index.html]
[microclub.ch/2017/01/07/explorer-des-elements-de-domotique/index.html]
[microclub.ch/wp-login0dc9.html]
[microclub.ch/wp-json/oembed/1.0/embed903b.json]
[microclub.ch/2017/04/16/fabrication-de-prototypes-pcb-mon-marche-finition-avec-une-cnc/feed/index.html]
[microclub.ch/wp-json/oembed/1.0/embedd056]
[microclub.ch/wp-json/wp/v2/posts/3205.json]
[microclub.ch/wp-content/uploads/2017/04/word-image.png]
[microclub.ch/wp-content/uploads/2017/04/word-image-1.png]
[microclub.ch/wp-content/uploads/2017/04/schema.png]
[microclub.ch/wp-content/uploads/2017/04/word-image-2.png]
[microclub.ch/wp-content/uploads/2017/04/word-image-3.png]
[microclub.ch/wp-content/uploads/2017/04/2017-04-13-11-53-26-jpg.jpg]
[microclub.ch/wp-content/uploads/2017/04/word-image-4.png]
[microclub.ch/wp-content/uploads/2017/04/word-image-5.png]
[microclub.ch/wp-content/uploads/2017/04/word-image-6.png]
[microclub.ch/wp-content/uploads/2017/04/word-image-7.png]
[microclub.ch/wp-content/uploads/2017/04/word-image-8.png]
[microclub.ch/wp-content/uploads/2017/04/word-image-9.png]
[microclub.ch/wp-content/uploads/2017/04/word-image-10.png]
[microclub.ch/wp-content/uploads/2017/04/word-image-11.png]
[microclub.ch/wp-content/uploads/2017/04/2017-04-15-14-13-36-jpg-e1492374817839-225x300.jpg]
[microclub.ch/wp-content/uploads/2017/04/2017-04-15-14-14-13-jpg-e1492374795275-225x300.jpg]
[microclub.ch/wp-content/uploads/2017/04/2017-04-15-13-47-17-jpg.jpg]
[microclub.ch/wp-content/uploads/2017/04/2017-04-15-14-18-56-jpg.jpg]
[microclub.ch/wp-content/uploads/2017/04/2017-04-14-00-01-56-jpg.jpg]
[microclub.ch/2017/04/16/fabrication-de-prototypes-pcb-mon-marche-finition-avec-une-cnc/index.html]
[microclub.ch/wp-loginb6d1.html]
[microclub.ch/index96c2.html]
[microclub.ch/wp-login0225.html]
[microclub.ch/wp-json/oembed/1.0/embeda77e.json]
[microclub.ch/2016/04/25/le-microclub-est-en-deuil/feed/index.html]
[microclub.ch/wp-json/oembed/1.0/embede13b]
[microclub.ch/wp-json/wp/v2/posts/2326.json]
[microclub.ch/wp-loginf496.html]
[microclub.ch/2016/04/09/deux-livres-elektor-sur-le-langage-c-et-lembarque/index.html]
[microclub.ch/2016/04/25/le-microclub-est-en-deuil/index.html]
[microclub.ch/wp-json/oembed/1.0/embed7608.json]
[microclub.ch/2016/06/04/configuration-de-drones/feed/index.html]
[microclub.ch/wp-json/oembed/1.0/embed46ec]
[microclub.ch/wp-json/wp/v2/posts/2356.json]
[microclub.ch/wp-content/uploads/2016/06/Configuration-de-drones-FPV.pdf]
[microclub.ch/wp-content/uploads/2016/06/drones.png]
[microclub.ch/2016/06/04/configuration-de-drones/index.html]
[microclub.ch/wp-login1ef9.html]
[microclub.ch/indexffcc.html]
[microclub.ch/wp-login29c8.html]
[microclub.ch/wp-json/oembed/1.0/embed3803.json]
[microclub.ch/2015/05/18/main-robotique-pouvant-coder-le-lpc/feed/index.html]
[microclub.ch/wp-json/oembed/1.0/embedb207]
[microclub.ch/wp-json/wp/v2/posts/1915.json]
[microclub.ch/wp-content/uploads/2015/05/1_main_en_action_Y.jpg]
[microclub.ch/wp-content/uploads/2015/05/1_main_en_action_Y-1024x768.jpg]
[microclub.ch/wp-content/uploads/2015/05/601-doigt-plan.jpg]
[microclub.ch/wp-content/uploads/2015/05/601-doigt-plan-300x129.jpg]
[microclub.ch/wp-content/uploads/2015/05/Main_LPC_hard_short.pdf]
[microclub.ch/wp-content/uploads/2015/05/684-Leonardo-alim-Low.jpg]
[microclub.ch/wp-content/uploads/2015/05/684-Leonardo-alim-Low-300x178.jpg]
[microclub.ch/wp-content/uploads/2015/05/Main_LPC_soft.pdf]
[microclub.ch/wp-content/uploads/2015/05/100-Python_running.jpg]
[microclub.ch/2012/02/19/arduino-un-succes-embarque/index.html]
[microclub.ch/2013/12/27/recuperation-dun-ancien-programme-basic/index.html]
[microclub.ch/2015/05/18/main-robotique-pouvant-coder-le-lpc/index.html]
[microclub.ch/wp-login4363.html]
[microclub.ch/2015/05/06/tv-connectee/index.html]
[microclub.ch/wp-json/oembed/1.0/embed6d4f.json]
[microclub.ch/2015/05/29/1944/feed/index.html]
[microclub.ch/wp-json/oembed/1.0/embeddd0f]
[microclub.ch/wp-json/wp/v2/posts/1944.json]
[microclub.ch/wp-content/uploads/2015/05/1977-05-Revue72-1-Syteme-Dauphin-Notice_de_montage.pdf]
[microclub.ch/wp-content/uploads/2015/05/1977-05-Revue72-2-Syteme-Dauphin-Plaque_Microprocesseur.pdf]
[microclub.ch/wp-content/uploads/2015/05/1977-05-Revue72-3-Syteme-Dauphin-Plaque_Memoire.pdf]
[microclub.ch/wp-content/uploads/2015/05/1977-05-Revue72-4-Syteme-Dauphin-Plaque_Clavier_Affichage.pdf]
[microclub.ch/2015/06/10/outils-web-pour-le-developpement-collaboratif/index.html]
[microclub.ch/2015/05/29/1944/index.html]
[microclub.ch/wp-login2d56.html]
[microclub.ch/wp-logina03d.html]
[microclub.ch/wp-json/oembed/1.0/embed2987.json]
[microclub.ch/2014/01/15/edison-un-ordinateur-au-format-dune-carte-sd/feed/index.html]
[microclub.ch/wp-json/oembed/1.0/embed4249]
[microclub.ch/wp-json/wp/v2/posts/1404.json]
[microclub.ch/wp-content/uploads/2014/01/intel-edison.jpg]
[microclub.ch/wp-content/uploads/2014/01/intel-edison-300x241.jpg]
[microclub.ch/wp-login3c63.html]
[microclub.ch/2014/01/15/edison-un-ordinateur-au-format-dune-carte-sd/index.html]
[microclub.ch/2014/01/26/python-et-les-objets-statiques/index.html]
[microclub.ch/2013/02/25/exemples-et-documentation-arduino/feed/index.html]
[microclub.ch/wp-json/oembed/1.0/embedc85e.json]
[microclub.ch/wp-json/oembed/1.0/embed4eab]
[microclub.ch/wp-json/wp/v2/posts/1186.json]
[microclub.ch/wp-content/uploads/2013/02/Trafic2p-300x133.png]
[microclub.ch/2013/02/20/doit-on-montrer-le-code-informatique-des-scientifiques-meme-sil-est-moche/index.html]
[microclub.ch/wp-loginf90a.html]
[microclub.ch/2013/02/25/exemples-et-documentation-arduino/index.html]
[microclub.ch/2013/03/20/bitcoin-pour-les-nuls/index.html]
[microclub.ch/wp-json/oembed/1.0/embed0e70.json]
[microclub.ch/2013/02/19/ninite-installer-plus-de-60-logiciels-pratiques-en-un-seul-clic/feed/index.html]
[microclub.ch/wp-json/oembed/1.0/embed673a]
[microclub.ch/wp-json/wp/v2/posts/1179.json]
[microclub.ch/wp-login6290.html]
[microclub.ch/2013/02/19/ninite-installer-plus-de-60-logiciels-pratiques-en-un-seul-clic/index.html]
[microclub.ch/wp-json/oembed/1.0/embed4bf2.json]
[microclub.ch/2013/02/19/vous-cherchez-un-petit-utilitaire-pour/feed/index.html]
[microclub.ch/wp-json/oembed/1.0/embed6e38]
[microclub.ch/wp-json/wp/v2/posts/1177.json]
[microclub.ch/wp-loginbba4.html]
[microclub.ch/2013/02/19/vous-cherchez-un-petit-utilitaire-pour/index.html]
[microclub.ch/author/franic/page/5/index.html]
[microclub.ch/2013/02/16/newsletter-robotique-fevrier-2013/index.html]
[microclub.ch/2012/05/07/festival-de-robotique-epfl-2012/index.html]
[microclub.ch/2012/02/09/mais-qui-ne-connait-pas-le-ne555/index.html]
[microclub.ch/index0af7.html]
[microclub.ch/2011/06/13/les-sacs-dargent/index.html]
[microclub.ch/2010/10/10/comparaison-de-2-fichiers-sources/index.html]
[microclub.ch/author/franic/page/6/index.html]
[microclub.ch/wp-json/oembed/1.0/embed0d38.json]
[microclub.ch/wp-json/oembed/1.0/embed3df1]
[microclub.ch/2014/08/13/yun-experiences-decouvertes/feed/index.html]
[microclub.ch/wp-json/wp/v2/posts/1513.json]
[microclub.ch/wp-content/uploads/2014/08/1_index.jpg]
[microclub.ch/wp-content/uploads/2014/08/2_index.jpg]
[microclub.ch/2014/06/15/serveur-dhcp-avec-windows-7/index.html]
[microclub.ch/wp-content/uploads/2014/08/3_console.jpg]
[microclub.ch/2014/08/13/yun-experiences-decouvertes/index.html]
[microclub.ch/wp-login1883.html]
[microclub.ch/wp-json/oembed/1.0/embede829.json]
[microclub.ch/2014/11/12/sit-systeme-dinformation-sur-le-territoire/feed/index.html]
[microclub.ch/wp-json/oembed/1.0/embed689d]
[microclub.ch/wp-json/wp/v2/posts/1539.json]
[microclub.ch/wp-content/uploads/2014/11/2014.31.10-Microclub-SIT.pdf]
[microclub.ch/2014/11/12/sit-systeme-dinformation-sur-le-territoire/index.html]
[microclub.ch/wp-loginaadb.html]
[microclub.ch/indexbec3.html]
[microclub.ch/wp-login28c0.html]
[microclub.ch/2014/11/25/3-serious-games-pour-defier-ses-amis-developpeurs/index.html]
[microclub.ch/wp-json/oembed/1.0/embed0329.json]
[microclub.ch/2018/02/07/atelier-arduino-deverminage-et-multi-tache/feed/index.html]
[microclub.ch/wp-json/oembed/1.0/embedc288]
[microclub.ch/wp-json/wp/v2/posts/3639.json]
[microclub.ch/wp-loginf883.html]
[microclub.ch/2018/02/07/atelier-arduino-deverminage-et-multi-tache/index.html]
[microclub.ch/wp-logine296.html]
[microclub.ch/indexe457.html]
[microclub.ch/wp-login2dcd.html]
[microclub.ch/index46af.html]
[microclub.ch/category/non-classe-2/index.html]
[microclub.ch/wp-json/oembed/1.0/embed343f.json]
[microclub.ch/2017/12/14/joyeux-noel-et-bonne-annee/tree/feed/index.html]
[microclub.ch/wp-json/oembed/1.0/embed48ca]
[microclub.ch/wp-json/wp/v2/media/3575.json]
[microclub.ch/wp-content/uploads/2017/12/tree.32c.delayed]
[microclub.ch/wp-loginc096.html]
[microclub.ch/2017/12/14/joyeux-noel-et-bonne-annee/tree/index.html]
[microclub.ch/wp-login4520.html]
[microclub.ch/2017/12/14/joyeux-noel-et-bonne-annee/joyeux-noel-2017/index.html]
[microclub.ch/wp-json/oembed/1.0/embedea26.json]
[microclub.ch/2017/06/13/attention-aux-erreurs-de-dedouanement-a-mediter/feed/index.html]
[microclub.ch/wp-json/oembed/1.0/embedbfc2]
[microclub.ch/wp-json/wp/v2/posts/3337.json]
[microclub.ch/wp-logina7d9.html]
[microclub.ch/2017/06/13/attention-aux-erreurs-de-dedouanement-a-mediter/index.html]
[microclub.ch/wp-json/oembed/1.0/embed48db.json]
[microclub.ch/2017/04/17/router-internet-en-nat-avec-un-pc/feed/index.html]
[microclub.ch/wp-json/oembed/1.0/embedf4a2]
[microclub.ch/wp-json/wp/v2/posts/3244.json]
[microclub.ch/wp-content/uploads/2017/04/1_schema_link.jpg]
[microclub.ch/wp-content/uploads/2017/04/2_Connexion_reseau.jpg]
[microclub.ch/wp-content/uploads/2017/04/3_Partage.jpg]
[microclub.ch/wp-content/uploads/2017/04/Capture-décran-2017-04-29-16.59.49.png]
[microclub.ch/wp-content/uploads/2017/04/4_ipconfig_ethernet.jpg]
[microclub.ch/wp-content/uploads/2017/04/5_proprietes.jpg]
[microclub.ch/wp-loginff84.html]
[microclub.ch/2017/04/17/router-internet-en-nat-avec-un-pc/index.html]
[microclub.ch/category/articles/page/5/index.html]
[microclub.ch/2016/01/05/sources-de-temps-et-cycle-pour-arduino-ou-autre/index.html]
[microclub.ch/2015/10/09/bus-i2c/index.html]
[microclub.ch/indexce66.html]
[microclub.ch/2017/07/14/petit-rappel-des-differences-de-processeurs-en-programmation-de-c/revoxb77_main/index.html]
[microclub.ch/2017/07/14/petit-rappel-des-differences-de-processeurs-en-programmation-de-c/b77_stop/index.html]
[microclub.ch/wp-login7cce.html]
[microclub.ch/index9036.html]
[microclub.ch/author/claudeb/index.html]
[microclub.ch/category/articles/page/6/index.html]
[microclub.ch/wp-json/wp/v2/users/11.json]
[microclub.ch/author/nicoud/index.html]
[microclub.ch/wp-loginc104.html]
[microclub.ch/author/nicoud/feed/index.html]
[microclub.ch/wp-json/oembed/1.0/embed27fb.json]
[microclub.ch/2015/03/02/breadboard-et-simulateurs-de-circuits-electroniques/feed/index.html]
[microclub.ch/wp-json/oembed/1.0/embed3d0d]
[microclub.ch/wp-json/wp/v2/posts/1644.json]
[microclub.ch/wp-content/uploads/2015/03/474716f9-8e3d-45de-bef2-b1aa5168702d.jpg]
[microclub.ch/2015/04/19/impression3d/index.html]
[microclub.ch/wp-logined98.html]
[microclub.ch/2015/03/02/breadboard-et-simulateurs-de-circuits-electroniques/index.html]
[microclub.ch/indexe1f1.html]
[microclub.ch/2016/09/25/40eme-anniversaire-du-microclub-24-septembre-2016-a-renens/feed/index.html]
[microclub.ch/wp-json/oembed/1.0/embedd2fb.json]
[microclub.ch/wp-json/oembed/1.0/embed5bb4]
[microclub.ch/wp-json/wp/v2/posts/2560.json]
[microclub.ch/wp-content/uploads/2016/09/DiscoursDuPresidentDu40e_092016.pdf]
[microclub.ch/wp-content/uploads/2016/09/Microclub-1976-2016-40-ans.pdf]
[microclub.ch/wp-login243a.html]
[microclub.ch/2016/09/25/40eme-anniversaire-du-microclub-24-septembre-2016-a-renens/index.html]
[microclub.ch/wp-login653e.html]
[microclub.ch/indexc318.html]
[microclub.ch/2016/09/16/vitesse-io-sur-module-esp8266/index.html]
[microclub.ch/wp-json/oembed/1.0/embedb412.json]
[microclub.ch/2016/11/28/recompiler-un-ancien-projet/feed/index.html]
[microclub.ch/wp-json/oembed/1.0/embedfac5]
[microclub.ch/wp-json/wp/v2/posts/2779.json]
[microclub.ch/wp-content/uploads/2016/11/01-import.png]
[microclub.ch/wp-content/uploads/2016/11/02-select-tool.png]
[microclub.ch/2011/03/25/projet-barrette-livrable/index.html]
[microclub.ch/wp-content/uploads/2016/11/03-summary.png]
[microclub.ch/wp-content/uploads/2016/11/04-compare-HEX.png]
[microclub.ch/wp-loginb972.html]
[microclub.ch/2016/11/28/recompiler-un-ancien-projet/index.html]
[microclub.ch/wp-login07b9.html]
[microclub.ch/wp-json/oembed/1.0/embed91fe.json]
[microclub.ch/2019/10/19/data-en-graphique/datas-en-graphique/feed/index.html]
[microclub.ch/wp-json/oembed/1.0/embed0ad3]
[microclub.ch/wp-json/wp/v2/media/4647.json]
[microclub.ch/wp-content/uploads/2019/10/DATAS-en-graphique.pdf]
[microclub.ch/wp-content/uploads/2019/10/DATAS-en-graphique-pdf-300x169.jpg]
[microclub.ch/wp-login087f.html]
[microclub.ch/2019/10/19/data-en-graphique/datas-en-graphique/index.html]
[microclub.ch/indexff51.html]
[microclub.ch/wp-loginf78c.html]
[microclub.ch/index125b.html]
[microclub.ch/forums/forum/projet-2019-robotique-domotique/index.html]
[microclub.ch/wp-login2ab0.html]
[microclub.ch/index7caf.html]
[microclub.ch/wp-login58ad.html]
[microclub.ch/index8155.html]
[microclub.ch/wp-logind974.html]
[microclub.ch/author/rolfz/page/5/index.html]
[microclub.ch/index1c8e.html]
[microclub.ch/wp-loginff0c.html]
[microclub.ch/category/microclub/page/7/index.html]
[microclub.ch/page/8/index.html]
[microclub.ch/indexd684.html]
[microclub.ch/wp-json/oembed/1.0/embedf570.json]
[microclub.ch/page/9/index.html]
[microclub.ch/author/rolfz/page/6/index.html]
[microclub.ch/category/microclub/page/8/index.html]
[microclub.ch/2016/08/10/archive-de-magasines-nostalgie-40-ans-du-microclub/feed/index.html]
[microclub.ch/wp-json/oembed/1.0/embed188e]
[microclub.ch/wp-json/wp/v2/posts/2457.json]
[microclub.ch/wp-content/uploads/2016/08/computer-magazine.jpg]
[microclub.ch/2016/08/10/archive-de-magasines-nostalgie-40-ans-du-microclub/index.html]
[microclub.ch/wp-logine6aa.html]
[microclub.ch/indexc5de.html]
[microclub.ch/2016/07/18/courrier-davant-microclub/club-crocus/index.html]
[microclub.ch/club-crocus3/index.html]
[microclub.ch/wp-logind283.html]
[microclub.ch/index4ec6.html]
[microclub.ch/wp-content/uploads/2016/07/Mi-Chronique_no_1.html]
[microclub.ch/wp-login7b8a.html]
[microclub.ch/wp-login6f0c.html]
[microclub.ch/wp-json/oembed/1.0/embed6d3b.json]
[microclub.ch/2015/11/26/1978-smaky6-les-schemas/feed/index.html]
[microclub.ch/wp-json/oembed/1.0/embed4112]
[microclub.ch/wp-json/wp/v2/posts/2139.json]
[microclub.ch/wp-content/uploads/2015/11/schemas-smaky.pdf]
[microclub.ch/2015/11/26/1978-smaky6-les-schemas/index.html]
[microclub.ch/wp-login607a.html]
[microclub.ch/wp-json/oembed/1.0/embed58b7.json]
[microclub.ch/2015/11/22/systeme-crocus-1975/feed/index.html]
[microclub.ch/wp-json/oembed/1.0/embed75fd]
[microclub.ch/wp-json/wp/v2/posts/2131.json]
[microclub.ch/wp-content/uploads/2015/11/197702_Crocus-1.jpg]
[microclub.ch/wp-content/uploads/2015/11/197702_Crocus-1-700x1024.jpg]
[microclub.ch/wp-content/uploads/2015/11/197702_Crocus-2.jpg]
[microclub.ch/wp-content/uploads/2015/11/197702_Crocus-2-743x1024.jpg]
[microclub.ch/wp-content/uploads/2015/11/197702_Crocus-3.jpg]
[microclub.ch/wp-content/uploads/2015/11/197702_Crocus-3-743x1024.jpg]
[microclub.ch/wp-login62d8.html]
[microclub.ch/2015/11/22/systeme-crocus-1975/index.html]
[microclub.ch/indexccfb.html]
[microclub.ch/wp-login0dc9.html]
[microclub.ch/indexad02.html]
[microclub.ch/2017/04/16/fabrication-de-prototypes-pcb-mon-marche-finition-avec-une-cnc/2017-04-15-14-13-36-jpg/index.html]
[microclub.ch/2017/04/16/fabrication-de-prototypes-pcb-mon-marche-finition-avec-une-cnc/2017-04-15-14-14-13-jpg/index.html]
[microclub.ch/wp-login0225.html]
[microclub.ch/index8d43.html]
[microclub.ch/2016/04/26/le-microclub-est-en-deuil/carlosbarregrise/index.html]
[microclub.ch/wp-content/uploads/2016/04/CarlosBarreGrise-300x285.html]
[microclub.ch/2015/11/21/anciennes-conferences/index.html]
[microclub.ch/wp-json/oembed/1.0/embed289f.json]
[microclub.ch/2016/04/09/deux-livres-elektor-sur-le-langage-c-et-lembarque/feed/index.html]
[microclub.ch/wp-json/oembed/1.0/embedc86e]
[microclub.ch/wp-json/wp/v2/posts/2280.json]
[microclub.ch/wp-content/uploads/2016/04/VNC-MSTSC.jpg]
[microclub.ch/2016/02/21/mise-a-jour-la-liste-des-membres/index.html]
[microclub.ch/2016/04/09/deux-livres-elektor-sur-le-langage-c-et-lembarque/index.html]
[microclub.ch/wp-loginf496.html]
[microclub.ch/index4e8a.html]
[microclub.ch/wp-login29c8.html]
[microclub.ch/index7ac1.html]
[microclub.ch/wp-loginaf8a.html]
[microclub.ch/wp-json/oembed/1.0/embeddcfa.json]
[microclub.ch/2012/02/19/arduino-un-succes-embarque/feed/index.html]
[microclub.ch/wp-json/oembed/1.0/embed7caa]
[microclub.ch/wp-json/wp/v2/posts/728.json]
[microclub.ch/wp-content/uploads/2012/02/sketch_screen.png]
[microclub.ch/wp-content/uploads/2012/02/UART.png]
[microclub.ch/2012/03/10/flash-donnees-en-securite/index.html]
[microclub.ch/2012/02/19/arduino-un-succes-embarque/index.html]
[microclub.ch/wp-loginc9c7.html]
[microclub.ch/wp-json/oembed/1.0/embed83b9.json]
[microclub.ch/2013/12/27/recuperation-dun-ancien-programme-basic/feed/index.html]
[microclub.ch/wp-json/oembed/1.0/embed1a24]
[microclub.ch/wp-json/wp/v2/posts/1395.json]
[microclub.ch/wp-content/uploads/2013/12/Hello_microclub.jpg]
[microclub.ch/wp-loginf666.html]
[microclub.ch/2013/11/16/linux-2/index.html]
[microclub.ch/2013/12/27/recuperation-dun-ancien-programme-basic/index.html]
[microclub.ch/wp-json/oembed/1.0/embed2033.json]
[microclub.ch/2015/05/06/tv-connectee/feed/index.html]
[microclub.ch/wp-json/oembed/1.0/embed5590]
[microclub.ch/wp-json/wp/v2/posts/1898.json]
[microclub.ch/wp-content/uploads/2015/05/04-SmV-folders1.jpg]
[microclub.ch/wp-content/uploads/2015/05/04-SmV-folders1-1024x681.jpg]
[microclub.ch/wp-content/uploads/2015/05/01-smartview-start.jpg]
[microclub.ch/wp-content/uploads/2015/05/01-smartview-start-300x158.jpg]
[microclub.ch/wp-content/uploads/2015/05/02-Smartview-connect.jpg]
[microclub.ch/wp-content/uploads/2015/05/02-Smartview-connect-300x158.jpg]
[microclub.ch/wp-content/uploads/2015/05/03-Smartview-connect.jpg]
[microclub.ch/wp-content/uploads/2015/05/03-Smartview-connect-300x158.jpg]
[microclub.ch/wp-content/uploads/2015/05/06-smartview-add-photos.jpg]
[microclub.ch/wp-content/uploads/2015/05/06-smartview-add-photos-1024x542.jpg]
[microclub.ch/wp-content/uploads/2015/05/20-NAS-paquets.jpg]
[microclub.ch/wp-content/uploads/2015/05/22-NAS-repertoires.jpg]
[microclub.ch/2015/05/06/tv-connectee/index.html]
[microclub.ch/wp-login4363.html]
[microclub.ch/index5a52.html]
[microclub.ch/wp-login76b8.html]
[microclub.ch/wp-json/oembed/1.0/embedd360.json]
[microclub.ch/2015/06/10/outils-web-pour-le-developpement-collaboratif/feed/index.html]
[microclub.ch/wp-json/oembed/1.0/embed3706]
[microclub.ch/wp-json/wp/v2/posts/1964.json]
[microclub.ch/wp-login2408.html]
[microclub.ch/2015/06/10/outils-web-pour-le-developpement-collaboratif/index.html]
[microclub.ch/wp-logina03d.html]
[microclub.ch/indexc64e.html]
[microclub.ch/2015/06/13/microclub-sera-present-a-lemanmake/index.html]
[microclub.ch/wp-json/oembed/1.0/embed0a8c.json]
[microclub.ch/2014/01/26/python-et-les-objets-statiques/feed/index.html]
[microclub.ch/wp-json/oembed/1.0/embed4d14]
[microclub.ch/wp-json/wp/v2/posts/1408.json]
[microclub.ch/wp-content/uploads/2014/01/1-con-Static.jpg]
[microclub.ch/wp-content/uploads/2014/01/1-con-Static-instance.jpg]
[microclub.ch/wp-content/uploads/2014/01/1-con-Static-add_var.jpg]
[microclub.ch/wp-content/uploads/2014/01/20-fonction.jpg]
[microclub.ch/wp-content/uploads/2014/01/2-fonction_staticmethod.jpg]
[microclub.ch/wp-content/uploads/2014/01/22-fonction_staticmethod_x.jpg]
[microclub.ch/wp-content/uploads/2014/01/2-fonction_classmethod_x.jpg]
[microclub.ch/wp-logineefe.html]
[microclub.ch/2014/01/26/python-et-les-objets-statiques/index.html]
[microclub.ch/wp-login3c63.html]
[microclub.ch/index275f.html]
[microclub.ch/2014/03/05/ibm-devoile-sa-nouvelle-puce-en-graphene/index.html]
[microclub.ch/wp-json/oembed/1.0/embed025b.json]
[microclub.ch/2013/02/20/doit-on-montrer-le-code-informatique-des-scientifiques-meme-sil-est-moche/feed/index.html]
[microclub.ch/wp-json/oembed/1.0/embedee79]
[microclub.ch/wp-json/wp/v2/posts/1181.json]
[microclub.ch/wp-loginc0d4.html]
[microclub.ch/2013/02/20/doit-on-montrer-le-code-informatique-des-scientifiques-meme-sil-est-moche/index.html]
[microclub.ch/wp-json/oembed/1.0/embed6375.json]
[microclub.ch/2013/03/20/bitcoin-pour-les-nuls/feed/index.html]
[microclub.ch/wp-json/oembed/1.0/embed586e]
[microclub.ch/wp-json/wp/v2/posts/1197.json]
[microclub.ch/wp-login97ad.html]
[microclub.ch/2013/03/20/bitcoin-pour-les-nuls/index.html]
[microclub.ch/wp-loginf90a.html]
[microclub.ch/index1b15.html]
[microclub.ch/2013/02/19/ninite-installer-plus-de-60-logiciels-pratiques-en-un-seul-clic/Marre de réinstaller vos applications à chaque formatage0b52.html]
[microclub.ch/wp-login6290.html]
[microclub.ch/index3f7a.html]
[microclub.ch/2013/04/04/une-chaine-hifi-spotify-a-base-de-raspberry-pi-korben/index.html]
[microclub.ch/2013/02/16/newsletter-robotique-fevrier-2013/feed/index.html]
[microclub.ch/wp-json/oembed/1.0/embed7b6f.json]
[microclub.ch/wp-json/oembed/1.0/embedfd02]
[microclub.ch/wp-json/wp/v2/posts/1171.json]
[microclub.ch/wp-loginc689.html]
[microclub.ch/2013/02/16/newsletter-robotique-fevrier-2013/index.html]
[microclub.ch/wp-loginbba4.html]
[microclub.ch/category/bricobot/index.html]
[microclub.ch/2013/02/09/construction-dune-webcam/index.html]
[microclub.ch/wp-json/oembed/1.0/embed520b.json]
[microclub.ch/2012/05/07/festival-de-robotique-epfl-2012/feed/index.html]
[microclub.ch/wp-json/oembed/1.0/embed43fb]
[microclub.ch/wp-json/wp/v2/posts/762.json]
[microclub.ch/wp-content/uploads/2012/05/festival12.png]
[microclub.ch/wp-content/uploads/2012/05/festival12-300x294.png]
[microclub.ch/2012/05/20/arduino-aussi-des-difficultes/index.html]
[microclub.ch/2012/05/07/festival-de-robotique-epfl-2012/index.html]
[microclub.ch/wp-login1b81.html]
[microclub.ch/2012/02/09/mais-qui-ne-connait-pas-le-ne555/feed/index.html]
[microclub.ch/wp-json/oembed/1.0/embed9d29.json]
[microclub.ch/wp-json/oembed/1.0/embed2f59]
[microclub.ch/wp-json/wp/v2/posts/723.json]
[microclub.ch/wp-content/uploads/2012/02/NE555.jpg]
[microclub.ch/wp-login84f5.html]
[microclub.ch/2012/01/18/picasa-et-la-reconnaissance-faciale/index.html]
[microclub.ch/2012/02/09/mais-qui-ne-connait-pas-le-ne555/index.html]
[microclub.ch/wp-json/oembed/1.0/embedf208.json]
[microclub.ch/2011/06/13/les-sacs-dargent/feed/index.html]
[microclub.ch/wp-json/oembed/1.0/embed776a]
[microclub.ch/wp-json/wp/v2/posts/500.json]
[microclub.ch/wp-loginc5d9.html]
[microclub.ch/2011/06/13/les-sacs-dargent/index.html]
[microclub.ch/2011/05/13/python/index.html]
[microclub.ch/2011/08/13/projet-barrette-realise/index.html]
[microclub.ch/wp-json/oembed/1.0/embedaab6.json]
[microclub.ch/2010/10/10/comparaison-de-2-fichiers-sources/feed/index.html]
[microclub.ch/wp-json/oembed/1.0/embed8b90]
[microclub.ch/wp-json/wp/v2/posts/334.json]
[microclub.ch/wp-content/uploads/2010/10/filecmp_small.png]
[microclub.ch/wp-content/uploads/2010/10/filecmp_smallc6eb.png]
[microclub.ch/wp-login4adb.html]
[microclub.ch/2010/10/10/comparaison-de-2-fichiers-sources/index.html]
[microclub.ch/author/franic/page/6/index.html]
[microclub.ch/2010/09/11/w7-moniteur-de-fiabilite/index.html]
[microclub.ch/2010/10/25/isispot-creation-de-sites-web/index.html]
[microclub.ch/2009/03/08/synchroniser-mozilla-sunbird-et-google-calendar-dans-les-2-sens/index.html]
[microclub.ch/indexb95d.html]
[microclub.ch/2008/12/14/adsl-swisscom/index.html]
[microclub.ch/2008/12/06/microsoft-office-open-office-et-la-tva/index.html]
[microclub.ch/1982/11/12/statuts-de-microclub/index.html]
[microclub.ch/wp-json/oembed/1.0/embedeabb.json]
[microclub.ch/2014/06/15/serveur-dhcp-avec-windows-7/feed/index.html]
[microclub.ch/wp-json/oembed/1.0/embeda503]
[microclub.ch/wp-json/wp/v2/posts/1490.json]
[microclub.ch/wp-content/uploads/2014/06/9-yun.jpg]
[microclub.ch/wp-content/uploads/2014/06/2-DHCP_range.jpg]
[microclub.ch/wp-content/uploads/2014/06/4-switch.jpg]
[microclub.ch/wp-content/uploads/2014/06/3-DHCP_pseudo-fixe.jpg]
[microclub.ch/wp-content/uploads/2014/06/9-DHCP_page.jpg]
[microclub.ch/2014/06/15/serveur-dhcp-avec-windows-7/index.html]
[microclub.ch/wp-login1883.html]
[microclub.ch/indexb39e.html]
[microclub.ch/wp-loginded6.html]
[microclub.ch/2014/05/03/multitache-systeme-embarques/index.html]
[microclub.ch/wp-json/oembed/1.0/embed63d9.json]
[microclub.ch/2014/11/25/3-serious-games-pour-defier-ses-amis-developpeurs/feed/index.html]
[microclub.ch/wp-json/oembed/1.0/embedd050]
[microclub.ch/wp-json/wp/v2/posts/1545.json]
[microclub.ch/wp-content/uploads/2014/11/27fb652b-e3fa-415b-a572-d5e148c64a5f.jpg]
[microclub.ch/2014/11/25/3-serious-games-pour-defier-ses-amis-developpeurs/index.html]
[microclub.ch/wp-login28c0.html]
[microclub.ch/index256c.html]
[microclub.ch/wp-loginf962.html]
[microclub.ch/wp-json/wp/v2/categories/235.json]
[microclub.ch/category/non-classe-2/index.html]
[microclub.ch/wp-loginf883.html]
[microclub.ch/index5856.html]
[microclub.ch/category/non-classe-2/feed/index.html]
[microclub.ch/2015/09/10/sortie-lundi-du-jeune/index.html]
[microclub.ch/wp-json/oembed/1.0/embed3e35.json]
[microclub.ch/2017/12/14/joyeux-noel-et-bonne-annee/joyeux-noel-2017/feed/index.html]
[microclub.ch/wp-json/oembed/1.0/embeda031]
[microclub.ch/wp-json/wp/v2/media/3568.json]
[microclub.ch/wp-content/uploads/2017/12/joyeux-noel-2017.3cc.delayed]
[microclub.ch/wp-content/uploads/2017/12/joyeux-noel-2017-300x146.jpg]
[microclub.ch/wp-login7cc9.html]
[microclub.ch/2017/12/14/joyeux-noel-et-bonne-annee/joyeux-noel-2017/index.html]
[microclub.ch/wp-loginc096.html]
[microclub.ch/index6954.html]
[microclub.ch/wp-logina7d9.html]
[microclub.ch/indexb0ef.html]
[microclub.ch/wp-loginff84.html]
[microclub.ch/wp-json/oembed/1.0/embed2ffd.json]
[microclub.ch/2016/01/05/sources-de-temps-et-cycle-pour-arduino-ou-autre/feed/index.html]
[microclub.ch/wp-json/oembed/1.0/embedda5a]
[microclub.ch/wp-json/wp/v2/posts/2162.json]
[microclub.ch/wp-content/uploads/2016/01/clock_cff.jpg]
[microclub.ch/wp-content/uploads/2016/01/Yun_et_RTC.jpg]
[microclub.ch/wp-content/uploads/2016/01/Yun_NTP.jpg]
[microclub.ch/2016/02/02/clef-usb-flash-en-mode-raw-retrouver-les-fichiers/index.html]
[microclub.ch/2016/01/05/sources-de-temps-et-cycle-pour-arduino-ou-autre/index.html]
[microclub.ch/wp-logind1b1.html]
[microclub.ch/wp-json/oembed/1.0/embed5aa2.json]
[microclub.ch/2015/10/09/bus-i2c/feed/index.html]
[microclub.ch/wp-json/oembed/1.0/embed84db]
[microclub.ch/wp-json/wp/v2/posts/2079.json]
[microclub.ch/wp-loginff22.html]
[microclub.ch/2015/10/09/bus-i2c/index.html]
[microclub.ch/wp-json/wp/v2/users/46.json]
[microclub.ch/author/claudeb/index.html]
[microclub.ch/category/articles/page/6/index.html]
[microclub.ch/2015/09/04/windows-10-premier-regard/index.html]
[microclub.ch/2015/08/19/decharge-mobile-samsung-et-i-phone/index.html]
[microclub.ch/index52fb.html]
[microclub.ch/author/claudeb/feed/index.html]
[microclub.ch/category/articles/page/7/index.html]
[microclub.ch/wp-json/oembed/1.0/embed62d7.json]
[microclub.ch/2015/04/19/impression3d/feed/index.html]
[microclub.ch/wp-json/oembed/1.0/embed3974]
[microclub.ch/wp-json/wp/v2/posts/1674.json]
[microclub.ch/wp-content/uploads/2015/04/Design-Spark_Mechanical_v1.0.pdf]
[microclub.ch/wp-content/uploads/2015/04/impression3d2.jpg]
[microclub.ch/wp-content/uploads/2015/04/impression3d2-1024x576.jpg]
[microclub.ch/2015/04/19/impression3d/index.html]
[microclub.ch/wp-logined98.html]
[microclub.ch/indexafe6.html]
[microclub.ch/wp-logined49.html]
[microclub.ch/wp-json/oembed/1.0/embed12ab.json]
[microclub.ch/2016/09/16/vitesse-io-sur-module-esp8266/feed/index.html]
[microclub.ch/wp-json/oembed/1.0/embed8a65]
[microclub.ch/wp-json/wp/v2/posts/2527.json]
[microclub.ch/wp-content/uploads/2016/09/ESP8266-E08.jpg]
[microclub.ch/wp-loginb78d.html]
[microclub.ch/2016/09/16/vitesse-io-sur-module-esp8266/index.html]
[microclub.ch/wp-login243a.html]
[microclub.ch/index2349.html]
[microclub.ch/wp-json/oembed/1.0/embed706e.json]
[microclub.ch/2011/03/25/projet-barrette-livrable/feed/index.html]
[microclub.ch/wp-json/oembed/1.0/embedd96a]
[microclub.ch/wp-json/wp/v2/posts/457.json]
[microclub.ch/wp-content/uploads/2011/03/CMB11-commande_html_2313acf4.jpg]
[microclub.ch/wp-content/uploads/2011/03/CMB11-commande_html_2313acf4-300x85.jpg]
[microclub.ch/wp-content/uploads/2011/03/CMB11-commande.pdf]
[microclub.ch/2011/03/10/fete-de-linformatique-retro-a-lepfl/index.html]
[microclub.ch/wp-login29af.html]
[microclub.ch/2011/04/03/memoire-windows-hit-parade/index.html]
[microclub.ch/2011/03/25/projet-barrette-livrable/index.html]
[microclub.ch/wp-loginb972.html]
[microclub.ch/indexf5e4.html]
[microclub.ch/wp-login087f.html]
[microclub.ch/author/rolfz/page/6/index.html]
[microclub.ch/category/microclub/page/8/index.html]
[microclub.ch/page/9/index.html]
[microclub.ch/page/10/index.html]
[microclub.ch/indexf674.html]
[microclub.ch/wp-login6f0c.html]
[microclub.ch/indexb1e6.html]
[microclub.ch/wp-login607a.html]
[microclub.ch/index77e5.html]
[microclub.ch/author/rolfz/page/7/index.html]
[microclub.ch/category/microclub/page/9/index.html]
[microclub.ch/wp-json/oembed/1.0/embedd73e.json]
[microclub.ch/2015/11/21/anciennes-conferences/feed/index.html]
[microclub.ch/wp-json/oembed/1.0/embed160b]
[microclub.ch/wp-json/wp/v2/posts/2102.json]
[microclub.ch/wp-content/uploads/2016/08/Raclette-de-la-reprise.pdf]
[microclub.ch/wp-content/uploads/2016/07/refuge-chemin.pdf]
[microclub.ch/wp-content/uploads/2016/08/plan_refuge_renens.pdf]
[microclub.ch/2015/11/21/anciennes-conferences/index.html]
[microclub.ch/wp-login62d8.html]
[microclub.ch/indexc13a.html]
[microclub.ch/wp-login7317.html]
[microclub.ch/wp-json/oembed/1.0/embedee8a.json]
[microclub.ch/2016/02/21/mise-a-jour-la-liste-des-membres/feed/index.html]
[microclub.ch/wp-json/oembed/1.0/embed923b]
[microclub.ch/wp-json/wp/v2/posts/2185.json]
[microclub.ch/wp-logincc2c.html]
[microclub.ch/2016/02/21/mise-a-jour-la-liste-des-membres/index.html]
[microclub.ch/wp-loginaf8a.html]
[microclub.ch/index9848.html]
[microclub.ch/wp-json/oembed/1.0/embedf67e.json]
[microclub.ch/2012/03/10/flash-donnees-en-securite/feed/index.html]
[microclub.ch/wp-json/oembed/1.0/embedac3b]
[microclub.ch/wp-json/wp/v2/posts/743.json]
[microclub.ch/wp-content/uploads/2012/03/format.png]
[microclub.ch/wp-content/uploads/2012/03/Tests_results.png]
[microclub.ch/wp-logind713.html]
[microclub.ch/2012/03/10/flash-donnees-en-securite/index.html]
[microclub.ch/wp-loginc9c7.html]
[microclub.ch/index33ac.html]
[microclub.ch/2013/11/16/linux-2/feed/index.html]
[microclub.ch/wp-json/oembed/1.0/embedb45b.json]
[microclub.ch/wp-json/oembed/1.0/embedee69]
[microclub.ch/wp-json/wp/v2/posts/1373.json]
[microclub.ch/wp-content/uploads/2013/11/abs-guide.pdf]
[microclub.ch/wp-content/uploads/2013/11/psg.txt]
[microclub.ch/wp-content/uploads/2013/11/dfs.txt]
[microclub.ch/wp-login4d07.html]
[microclub.ch/2013/11/16/linux-2/index.html]
[microclub.ch/wp-loginf666.html]
[microclub.ch/index3bad.html]
[microclub.ch/wp-login76b8.html]
[microclub.ch/indexf4cb.html]
[microclub.ch/author/mbruchez/index.html]
[microclub.ch/2013/10/06/presentation-linux/index.html]
[microclub.ch/wp-json/oembed/1.0/embeded52.json]
[microclub.ch/2015/06/13/microclub-sera-present-a-lemanmake/feed/index.html]
[microclub.ch/wp-json/oembed/1.0/embedf72c]
[microclub.ch/wp-json/wp/v2/posts/1971.json]
[microclub.ch/wp-content/uploads/2015/06/microclub-a-lemanmake_lr1.jpg]
[microclub.ch/2015/06/13/microclub-sera-present-a-lemanmake/index.html]
[microclub.ch/wp-login2408.html]
[microclub.ch/index66f5.html]
[microclub.ch/wp-logina579.html]
[microclub.ch/wp-json/oembed/1.0/embedd595.json]
[microclub.ch/2014/03/05/ibm-devoile-sa-nouvelle-puce-en-graphene/feed/index.html]
[microclub.ch/wp-json/oembed/1.0/embedfeb7]
[microclub.ch/wp-json/wp/v2/posts/1437.json]
[microclub.ch/wp-loginf496-2.html]
[microclub.ch/2014/03/05/ibm-devoile-sa-nouvelle-puce-en-graphene/index.html]
[microclub.ch/wp-logineefe.html]
[microclub.ch/indexcd03.html]
[microclub.ch/wp-loginc0d4.html]
[microclub.ch/indexc61d.html]
[microclub.ch/2014/03/05/les-jours-noirs-de-la-crypto-monnaie-agence-science-presse/index.html]
[microclub.ch/wp-json/oembed/1.0/embed4396.json]
[microclub.ch/2013/04/04/une-chaine-hifi-spotify-a-base-de-raspberry-pi-korben/feed/index.html]
[microclub.ch/wp-json/oembed/1.0/embed972f]
[microclub.ch/wp-json/wp/v2/posts/1200.json]
[microclub.ch/wp-logine79d.html]
[microclub.ch/2013/04/04/une-chaine-hifi-spotify-a-base-de-raspberry-pi-korben/index.html]
[microclub.ch/wp-login97ad.html]
[microclub.ch/indexaffb.html]
[microclub.ch/2013/04/16/github-mania/index.html]
[microclub.ch/wp-json/wp/v2/categories/167.json]
[microclub.ch/category/bricobot/index.html]
[microclub.ch/category/bricobot/feed/index.html]
[microclub.ch/2012/10/06/1021/index.html]
[microclub.ch/2011/10/14/newsletter-robotique-octobre-2011/index.html]
[microclub.ch/wp-json/oembed/1.0/embed42ce.json]
[microclub.ch/2013/02/09/construction-dune-webcam/feed/index.html]
[microclub.ch/wp-json/oembed/1.0/embed9a4a]
[microclub.ch/wp-json/wp/v2/posts/1162.json]
[microclub.ch/wp-content/uploads/2013/02/Construction-dune-WEBCAM.pdf]
[microclub.ch/wp-content/uploads/2013/02/WEBCAM-1024x768.jpg]
[microclub.ch/2013/01/29/le-vote-par-internet/index.html]
[microclub.ch/2013/02/09/construction-dune-webcam/index.html]
[microclub.ch/wp-loginc689.html]
[microclub.ch/index272e.html]
[microclub.ch/wp-login04f3.html]
[microclub.ch/wp-json/oembed/1.0/embed67d9.json]
[microclub.ch/2012/05/20/arduino-aussi-des-difficultes/feed/index.html]
[microclub.ch/wp-json/oembed/1.0/embedd69c]
[microclub.ch/wp-json/wp/v2/posts/766.json]
[microclub.ch/wp-content/uploads/2012/05/affiche_13.jpg]
[microclub.ch/wp-content/uploads/2012/05/affiche_13-300x135.jpg]
[microclub.ch/wp-content/uploads/2012/05/200px-Seeduino_Stalker_v2.2.jpg]
[microclub.ch/wp-content/uploads/2012/05/31402.jpg]
[microclub.ch/wp-content/uploads/2012/05/49001.jpg]
[microclub.ch/wp-content/uploads/2012/05/wProgram_h.jpg]
[microclub.ch/wp-content/uploads/2012/05/wProgram_h-300x229.jpg]
[microclub.ch/wp-content/uploads/2012/05/lib-conflict.jpg]
[microclub.ch/wp-content/uploads/2012/05/lib-conflict-300x103.jpg]
[microclub.ch/wp-content/uploads/2012/05/bouton.jpg]
[microclub.ch/wp-content/uploads/2012/05/bouton-300x278.jpg]
[microclub.ch/wp-content/uploads/2012/05/cables.jpg]
[microclub.ch/wp-content/uploads/2012/05/cables-150x150.jpg]
[microclub.ch/2012/05/20/arduino-aussi-des-difficultes/index.html]
[microclub.ch/wp-login5ad8.html]
[microclub.ch/2012/06/18/e-cockpit-une-representation-intelligente/index.html]
[microclub.ch/wp-login1b81.html]
[microclub.ch/indexe01d.html]
[microclub.ch/wp-json/oembed/1.0/embede77d.json]
[microclub.ch/2012/01/18/picasa-et-la-reconnaissance-faciale/feed/index.html]
[microclub.ch/wp-json/oembed/1.0/embedabe9]
[microclub.ch/wp-json/wp/v2/posts/692.json]
[microclub.ch/wp-content/uploads/2012/01/CPU-load.jpg]
[microclub.ch/wp-content/uploads/2012/01/Ex_Yves_lumiere.jpg]
[microclub.ch/wp-content/uploads/2012/01/Ex_Yves.jpg]
[microclub.ch/wp-content/uploads/2012/01/Ex_Je_AnhCat_comp.jpg]
[microclub.ch/wp-content/uploads/2012/01/Ex_Jo_Yves_comp.jpg]
[microclub.ch/wp-content/uploads/2012/01/Contre-exemple.jpg]
[microclub.ch/wp-content/uploads/2012/01/Jesus.jpg]
[microclub.ch/wp-logine06c.html]
[microclub.ch/2012/01/14/bouh-le-vilain-email/index.html]
[microclub.ch/2012/01/18/picasa-et-la-reconnaissance-faciale/index.html]
[microclub.ch/wp-login84f5.html]
[microclub.ch/index2d25.html]
[microclub.ch/wp-json/oembed/1.0/embed2169.json]
[microclub.ch/2011/05/13/python/feed/index.html]
[microclub.ch/wp-json/oembed/1.0/embed5c18]
[microclub.ch/wp-json/wp/v2/posts/488.json]
[microclub.ch/wp-content/uploads/2011/05/2011-05-12_230640.png]
[microclub.ch/wp-login3f7b.html]
[microclub.ch/2011/05/07/festival-robotique-epfl/index.html]
[microclub.ch/2011/05/13/python/index.html]
[microclub.ch/wp-json/oembed/1.0/embedead6.json]
[microclub.ch/2011/08/13/projet-barrette-realise/feed/index.html]
[microclub.ch/wp-json/oembed/1.0/embed2525]
[microclub.ch/wp-json/wp/v2/posts/506.json]
[microclub.ch/wp-content/uploads/2011/08/780-Suivre-le-mode-demploi.jpg]
[microclub.ch/wp-loginaa0f.html]
[microclub.ch/2011/08/30/dropbox-et-wuala-le-cloud-senrichit/index.html]
[microclub.ch/2011/08/13/projet-barrette-realise/index.html]
[microclub.ch/wp-loginc5d9.html]
[microclub.ch/indexd06c.html]
[microclub.ch/wp-json/oembed/1.0/embed12b7.json]
[microclub.ch/2010/09/11/w7-moniteur-de-fiabilite/feed/index.html]
[microclub.ch/wp-json/oembed/1.0/embed1b7f]
[microclub.ch/wp-json/wp/v2/posts/326.json]
[microclub.ch/wp-content/uploads/2010/09/moniteur_de_fiabilite.jpg]
[microclub.ch/2010/08/27/barrette-ecologique-suivi-2/index.html]
[microclub.ch/2010/09/11/w7-moniteur-de-fiabilite/index.html]
[microclub.ch/wp-loginb6ba.html]
[microclub.ch/wp-json/oembed/1.0/embedd7ae.json]
[microclub.ch/2010/10/25/isispot-creation-de-sites-web/feed/index.html]
[microclub.ch/wp-json/oembed/1.0/embedecfb]
[microclub.ch/wp-json/wp/v2/posts/338.json]
[microclub.ch/wp-content/uploads/2010/10/izi-menu.png]
[microclub.ch/wp-content/uploads/2010/10/izi-pages-position.png]
[microclub.ch/wp-login5d02.html]
[microclub.ch/2011/01/07/migration-des-e-mails-microclub-ch/index.html]
[microclub.ch/2010/10/25/isispot-creation-de-sites-web/index.html]
[microclub.ch/wp-login4adb.html]
[microclub.ch/wp-json/oembed/1.0/embedf8de.json]
[microclub.ch/2009/03/08/synchroniser-mozilla-sunbird-et-google-calendar-dans-les-2-sens/feed/index.html]
[microclub.ch/wp-json/oembed/1.0/embed802c]
[microclub.ch/wp-json/wp/v2/posts/175.json]
[microclub.ch/wp-login658c.html]
[microclub.ch/2009/03/08/synchroniser-mozilla-sunbird-et-google-calendar-dans-les-2-sens/index.html]
[microclub.ch/2009/02/28/appart-gratuit-a-marrakech/index.html]
[microclub.ch/2009/03/09/camera-gigapixel/index.html]
[microclub.ch/wp-json/oembed/1.0/embed998c.json]
[microclub.ch/2008/12/14/adsl-swisscom/feed/index.html]
[microclub.ch/wp-json/oembed/1.0/embedbaa1]
[microclub.ch/wp-json/wp/v2/posts/116.json]
[microclub.ch/wp-login2346.html]
[microclub.ch/2008/12/14/adsl-swisscom/index.html]
[microclub.ch/2008/12/06/la-barrette-secteur-ecologique-microclub/index.html]
[microclub.ch/2008/12/24/les-jeux-de-2008-a-2009/index.html]
[microclub.ch/wp-json/oembed/1.0/embed63ad.json]
[microclub.ch/2008/12/06/microsoft-office-open-office-et-la-tva/feed/index.html]
[microclub.ch/wp-json/oembed/1.0/embedc41a]
[microclub.ch/wp-json/wp/v2/posts/107.json]
[microclub.ch/wp-loginaaa3.html]
[microclub.ch/2008/12/06/microsoft-office-open-office-et-la-tva/index.html]
[microclub.ch/2008/11/19/comment-effacer-du-code/index.html]
[microclub.ch/wp-json/oembed/1.0/embedd0c8.json]
[microclub.ch/1982/11/12/statuts-de-microclub/feed/index.html]
[microclub.ch/wp-json/oembed/1.0/embedc2c0]
[microclub.ch/wp-json/wp/v2/posts/1589.json]
[microclub.ch/wp-login3ad5.html]
[microclub.ch/1982/11/12/statuts-de-microclub/index.html]
[microclub.ch/indexa7b3.html]
[microclub.ch/1995/09/03/ecrire-des-textes-portable/index.html]
[microclub.ch/2014/05/03/multitache-systeme-embarques/feed/index.html]
[microclub.ch/wp-json/oembed/1.0/embedd074.json]
[microclub.ch/wp-json/oembed/1.0/embed2c36]
[microclub.ch/wp-json/wp/v2/posts/1462.json]
[microclub.ch/wp-content/uploads/2014/05/Multitâche-Systeme-Embarqué-pdf1.pdf]
[microclub.ch/wp-content/uploads/2014/05/frontpage1-1024x716.jpg]
[microclub.ch/2014/03/30/update-de-hdd/index.html]
[microclub.ch/2014/05/03/multitache-systeme-embarques/index.html]
[microclub.ch/wp-loginded6.html]
[microclub.ch/index9910.html]
[microclub.ch/wp-loginf962.html]
[microclub.ch/wp-login0a37.html]
[microclub.ch/wp-json/oembed/1.0/embedb46e.json]
[microclub.ch/2015/09/10/sortie-lundi-du-jeune/feed/index.html]
[microclub.ch/wp-json/oembed/1.0/embed6581]
[microclub.ch/wp-json/wp/v2/posts/2055.json]
[microclub.ch/2015/09/10/sortie-lundi-du-jeune/index.html]
[microclub.ch/wp-logina397.html]
[microclub.ch/indexfd91.html]
[microclub.ch/wp-login7cc9.html]
[microclub.ch/indexbdf7.html]
[microclub.ch/wp-json/oembed/1.0/embedc936.json]
[microclub.ch/2016/02/02/clef-usb-flash-en-mode-raw-retrouver-les-fichiers/feed/index.html]
[microclub.ch/wp-json/oembed/1.0/embed48e6]
[microclub.ch/wp-json/wp/v2/posts/2220.json]
[microclub.ch/wp-content/uploads/2016/02/01FormatF.png]
[microclub.ch/wp-content/uploads/2016/02/02nodata.png]
[microclub.ch/wp-content/uploads/2016/02/10chkdsk.png]
[microclub.ch/wp-content/uploads/2016/02/30m3-buildbootsector.png]
[microclub.ch/wp-content/uploads/2016/02/32m3-data-recovery.png]
[microclub.ch/wp-content/uploads/2016/02/32m3-data-recovery-1024x642.png]
[microclub.ch/wp-content/uploads/2016/02/32word-nook.png]
[microclub.ch/wp-content/uploads/2016/02/33irfanview-no-header.png]
[microclub.ch/wp-content/uploads/2016/02/41zarx-recover.png]
[microclub.ch/wp-content/uploads/2016/02/42zarx-filescopy.png]
[microclub.ch/wp-content/uploads/2016/02/51-testdisk.png]
[microclub.ch/wp-content/uploads/2016/02/51testdisk-nofiles.png]
[microclub.ch/wp-content/uploads/2016/02/Recuva-recovering-3H.png]
[microclub.ch/wp-content/uploads/2016/02/61recuva-filesfound.png]
[microclub.ch/wp-loginf93e.html]
[microclub.ch/2016/02/02/clef-usb-flash-en-mode-raw-retrouver-les-fichiers/index.html]
[microclub.ch/wp-logind1b1.html]
[microclub.ch/index4af2.html]
[microclub.ch/wp-loginff22.html]
[microclub.ch/wp-json/oembed/1.0/embed0bd3.json]
[microclub.ch/2015/09/04/windows-10-premier-regard/feed/index.html]
[microclub.ch/wp-json/oembed/1.0/embedc93a]
[microclub.ch/wp-json/wp/v2/posts/2038.json]
[microclub.ch/wp-content/uploads/2015/09/1-barre-taches.jpg]
[microclub.ch/wp-content/uploads/2015/09/2-process.jpg]
[microclub.ch/wp-content/uploads/2015/09/3-perf.jpg]
[microclub.ch/wp-content/uploads/2015/09/4-diskpart.jpg]
[microclub.ch/wp-content/uploads/2015/09/5-gere.jpg]
[microclub.ch/wp-content/uploads/2015/09/6-deplacer.jpg]
[microclub.ch/wp-content/uploads/2015/09/7-backup.jpg]
[microclub.ch/wp-content/uploads/2015/09/w10-error.jpg]
[microclub.ch/wp-login2e22.html]
[microclub.ch/2015/09/04/windows-10-premier-regard/index.html]
[microclub.ch/2015/08/19/decharge-mobile-samsung-et-i-phone/feed/index.html]
[microclub.ch/wp-json/oembed/1.0/embeda196.json]
[microclub.ch/wp-json/oembed/1.0/embed6e1f]
[microclub.ch/wp-json/wp/v2/posts/2026.json]
[microclub.ch/wp-content/uploads/2015/08/samsung-galaxy-note-3-4.jpg]
[microclub.ch/wp-content/uploads/2015/08/apple-iphone4s.png]
[microclub.ch/wp-content/uploads/2015/08/tableau.jpg]
[microclub.ch/wp-content/uploads/2015/08/tableau-e1439757391767.jpg]
[microclub.ch/wp-content/uploads/2015/08/courbe_decharge-e1439757730678.jpg]
[microclub.ch/wp-content/uploads/2015/08/courbe_delta.jpg]
[microclub.ch/wp-content/uploads/2015/08/courbe_delta-e1439757974921.jpg]
[microclub.ch/wp-login1e78.html]
[microclub.ch/2015/08/19/decharge-mobile-samsung-et-i-phone/index.html]
[microclub.ch/category/articles/page/7/index.html]
[microclub.ch/index9a2e.html]
[microclub.ch/wp-logined49.html]
[microclub.ch/index31b1.html]
[microclub.ch/2016/09/16/vitesse-io-sur-module-esp8266/esp8266-e08/index.html]
[microclub.ch/2016/09/16/vitesse-io-sur-module-esp8266/fast_io/index.html]
[microclub.ch/wp-loginb78d.html]
[microclub.ch/index9d51.html]
[microclub.ch/2011/03/10/fete-de-linformatique-retro-a-lepfl/feed/index.html]
[microclub.ch/wp-json/oembed/1.0/embedf680.json]
[microclub.ch/category/articles/page/8/index.html]
[microclub.ch/wp-json/oembed/1.0/embedb00c]
[microclub.ch/wp-json/wp/v2/posts/449.json]
[microclub.ch/wp-login624a.html]
[microclub.ch/2011/03/10/fete-de-linformatique-retro-a-lepfl/index.html]
[microclub.ch/2011/01/27/stuxnet/index.html]
[microclub.ch/wp-json/oembed/1.0/embedae54.json]
[microclub.ch/2011/04/03/memoire-windows-hit-parade/feed/index.html]
[microclub.ch/wp-json/oembed/1.0/embedde82]
[microclub.ch/wp-json/wp/v2/posts/469.json]
[microclub.ch/wp-content/uploads/2011/04/mem_used.png]
[microclub.ch/wp-login969a.html]
[microclub.ch/2011/04/03/memoire-windows-hit-parade/index.html]
[microclub.ch/wp-login29af.html]
[microclub.ch/author/rolfz/page/7/index.html]
[microclub.ch/category/microclub/page/9/index.html]
[microclub.ch/page/10/index.html]
[microclub.ch/index4fc9.html]
[microclub.ch/wp-login7317.html]
[microclub.ch/indexd1a6.html]
[microclub.ch/wp-logincc2c.html]
[microclub.ch/index2812.html]
[microclub.ch/wp-logind713.html]
[microclub.ch/indexaf12.html]
[microclub.ch/page/11/index.html]
[microclub.ch/author/rolfz/page/8/index.html]
[microclub.ch/category/microclub/page/10/index.html]
[microclub.ch/wp-json/wp/v2/users/41.json]
[microclub.ch/author/mbruchez/index.html]
[microclub.ch/author/mbruchez/feed/index.html]
[microclub.ch/wp-json/oembed/1.0/embeda435.json]
[microclub.ch/2013/10/06/presentation-linux/feed/index.html]
[microclub.ch/wp-json/oembed/1.0/embed0e3d]
[microclub.ch/wp-json/wp/v2/posts/1349.json]
[microclub.ch/wp-loginaefb.html]
[microclub.ch/2013/10/06/presentation-linux/index.html]
[microclub.ch/wp-login4d07.html]
[microclub.ch/indexd171.html]
[microclub.ch/wp-logina579.html]
[microclub.ch/index7979.html]
[microclub.ch/2013/09/24/universities-and-personal-colleges-present/index.html]
[microclub.ch/wp-json/oembed/1.0/embed0222.json]
[microclub.ch/2014/03/05/les-jours-noirs-de-la-crypto-monnaie-agence-science-presse/feed/index.html]
[microclub.ch/wp-json/oembed/1.0/embed24ef]
[microclub.ch/wp-json/wp/v2/posts/1438.json]
[microclub.ch/wp-login0b15.html]
[microclub.ch/2014/03/05/les-jours-noirs-de-la-crypto-monnaie-agence-science-presse/index.html]
[microclub.ch/wp-loginf496-2.html]
[microclub.ch/index6d80.html]
[microclub.ch/wp-json/oembed/1.0/embed2e3a.json]
[microclub.ch/2013/04/16/github-mania/feed/index.html]
[microclub.ch/wp-json/oembed/1.0/embedb67d]
[microclub.ch/wp-json/wp/v2/posts/1203.json]
[microclub.ch/wp-logind10a.html]
[microclub.ch/2013/04/16/github-mania/index.html]
[microclub.ch/wp-logine79d.html]
[microclub.ch/2013/04/22/idee-recue-comparer-la-puissance-de-deux-ordinateurs-cest-facile/index.html]
[microclub.ch/wp-json/oembed/1.0/embede80b.json]
[microclub.ch/2012/10/06/1021/feed/index.html]
[microclub.ch/wp-json/oembed/1.0/embed7307]
[microclub.ch/wp-json/wp/v2/posts/1021.json]
[microclub.ch/wp-loginee7b.html]
[microclub.ch/2012/10/06/1021/index.html]
[microclub.ch/2012/09/26/adieu-itunes-bonjour-spotify/index.html]
[microclub.ch/wp-json/oembed/1.0/embedc616.json]
[microclub.ch/2012/10/07/un-tres-beau-programme/index.html]
[microclub.ch/2011/10/14/newsletter-robotique-octobre-2011/feed/index.html]
[microclub.ch/wp-json/oembed/1.0/embedca96]
[microclub.ch/wp-json/wp/v2/posts/561.json]
[microclub.ch/wp-login95e1.html]
[microclub.ch/2011/10/14/newsletter-robotique-octobre-2011/index.html]
[microclub.ch/index7065.html]
[microclub.ch/2011/10/07/tutoriel-processing/index.html]
[microclub.ch/2011/10/15/disparition-programmee-au-musee-bolo/index.html]
[microclub.ch/wp-json/oembed/1.0/embedb7ef.json]
[microclub.ch/2013/01/29/le-vote-par-internet/feed/index.html]
[microclub.ch/wp-json/oembed/1.0/embede462]
[microclub.ch/wp-json/wp/v2/posts/1155.json]
[microclub.ch/wp-logind260.html]
[microclub.ch/2013/01/29/le-vote-par-internet/index.html]
[microclub.ch/wp-login04f3.html]
[microclub.ch/index5192.html]
[microclub.ch/membres/index.html]
[microclub.ch/2013/01/21/la-meilleure-page-d-erreur-404-du-monde/index.html]
[microclub.ch/wp-json/oembed/1.0/embed763f.json]
[microclub.ch/2012/06/18/e-cockpit-une-representation-intelligente/feed/index.html]
[microclub.ch/wp-json/oembed/1.0/embed5b80]
[microclub.ch/wp-json/wp/v2/posts/796.json]
[microclub.ch/wp-content/uploads/2012/06/e-cokpit.jpg]
[microclub.ch/wp-content/uploads/2012/06/e-cokpit-300x298.jpg]
[microclub.ch/wp-login9f08.html]
[microclub.ch/2012/07/02/mesure-de-courant-surprise/index.html]
[microclub.ch/2012/06/18/e-cockpit-une-representation-intelligente/index.html]
[microclub.ch/wp-login5ad8.html]
[microclub.ch/index820c.html]
[microclub.ch/wp-json/oembed/1.0/embed590c.json]
[microclub.ch/2012/01/14/bouh-le-vilain-email/feed/index.html]
[microclub.ch/wp-json/oembed/1.0/embed55d9]
[microclub.ch/wp-json/wp/v2/posts/709.json]
[microclub.ch/wp-content/uploads/2012/01/message_linkedin.jpg]
[microclub.ch/wp-login8297.html]
[microclub.ch/2012/01/03/python-avec-lenvironnement-pycharm/index.html]
[microclub.ch/2012/01/14/bouh-le-vilain-email/index.html]
[microclub.ch/wp-logine06c.html]
[microclub.ch/indexfaa1.html]
[microclub.ch/wp-json/oembed/1.0/embed9ada.json]
[microclub.ch/2011/05/07/festival-robotique-epfl/feed/index.html]
[microclub.ch/wp-json/oembed/1.0/embed8dbd]
[microclub.ch/wp-json/wp/v2/posts/476.json]
[microclub.ch/wp-content/uploads/2011/04/221.jpg]
[microclub.ch/wp-content/uploads/2011/04/226.jpg]
[microclub.ch/wp-content/uploads/2011/05/228.jpg]
[microclub.ch/2011/05/07/festival-robotique-epfl/index.html]
[microclub.ch/wp-login3f7b.html]
[microclub.ch/index8ce5.html]
[microclub.ch/wp-login25b5.html]
[microclub.ch/wp-json/oembed/1.0/embeddebb.json]
[microclub.ch/2011/08/30/dropbox-et-wuala-le-cloud-senrichit/feed/index.html]
[microclub.ch/wp-json/oembed/1.0/embed9e7d]
[microclub.ch/wp-json/wp/v2/posts/511.json]
[microclub.ch/wp-content/uploads/2011/08/login_dropbox.jpg]
[microclub.ch/wp-content/uploads/2011/08/DropBox_Partage.jpg]
[microclub.ch/wp-content/uploads/2011/08/dropbox_web_iface.jpg]
[microclub.ch/wp-content/uploads/2011/08/wuala_app.jpg]
[microclub.ch/wp-login864a.html]
[microclub.ch/2011/08/30/dropbox-et-wuala-le-cloud-senrichit/index.html]
[microclub.ch/wp-loginaa0f.html]
[microclub.ch/index4bd3.html]
[microclub.ch/2011/09/16/bernard-perrinjaquet-musee-du-telephone/index.html]
[microclub.ch/wp-json/oembed/1.0/embed4c4a.json]
[microclub.ch/2010/08/27/barrette-ecologique-suivi-2/feed/index.html]
[microclub.ch/wp-json/oembed/1.0/embed7363]
[microclub.ch/wp-json/wp/v2/posts/318.json]
[microclub.ch/wp-content/uploads/2010/08/barette_prises_2.jpg]
[microclub.ch/wp-content/uploads/2010/08/49_barrette_m_complete.jpg]
[microclub.ch/wp-content/uploads/2010/08/51_barrette_m_couvercle_ouvert.jpg]
[microclub.ch/wp-content/uploads/2010/08/barette_prises_2c6eb.jpg]
[microclub.ch/2009/11/23/barrette-ecologique-suivi/index.html]
[microclub.ch/wp-content/uploads/2010/08/49_barrette_m_completec6eb.jpg]
[microclub.ch/wp-content/uploads/2010/08/51_barrette_m_couvercle_ouvertc6eb.jpg]
[microclub.ch/2010/08/27/barrette-ecologique-suivi-2/index.html]
[microclub.ch/wp-loginb6ba.html]
[microclub.ch/indexbcd6.html]
[microclub.ch/Users/Yves/AppData/Local/Temp/moz-screenshot-1.html]
[microclub.ch/Users/Yves/AppData/Local/Temp/moz-screenshot.html]
[microclub.ch/wp-loginae4e.html]
[microclub.ch/wp-json/oembed/1.0/embed6012.json]
[microclub.ch/2010/08/13/techniques-de-decoupage-de-taches/index.html]
[microclub.ch/2011/01/07/migration-des-e-mails-microclub-ch/feed/index.html]
[microclub.ch/wp-json/oembed/1.0/embedc5fa]
[microclub.ch/wp-json/wp/v2/posts/346.json]
[microclub.ch/wp-login5253.html]
[microclub.ch/2011/01/07/migration-des-e-mails-microclub-ch/index.html]
[microclub.ch/wp-login5d02.html]
[microclub.ch/indexa09e.html]
[microclub.ch/2011/01/16/vanne-thermostatique-electronique/index.html]
[microclub.ch/wp-json/oembed/1.0/embed3d57.json]
[microclub.ch/2009/02/28/appart-gratuit-a-marrakech/feed/index.html]
[microclub.ch/wp-json/oembed/1.0/embed46b7]
[microclub.ch/wp-json/wp/v2/posts/168.json]
[microclub.ch/wp-content/uploads/2009/02/p1190003.jpg]
[microclub.ch/wp-content/uploads/2009/02/pb190015.jpg]
[microclub.ch/2009/02/28/appart-gratuit-a-marrakech/index.html]
[microclub.ch/wp-logind105.html]
[microclub.ch/2009/02/23/aseba-cest-cool/index.html]
[microclub.ch/wp-json/oembed/1.0/embed5b8c.json]
[microclub.ch/2009/03/09/camera-gigapixel/feed/index.html]
[microclub.ch/wp-json/oembed/1.0/embed0675]
[microclub.ch/wp-json/wp/v2/posts/176.json]
[microclub.ch/wp-login4188.html]
[microclub.ch/2009/03/13/superordinateurs-de-table/index.html]
[microclub.ch/2009/03/09/camera-gigapixel/index.html]
[microclub.ch/wp-login658c.html]
[microclub.ch/indexd78c.html]
[microclub.ch/wp-json/oembed/1.0/embedf7f7.json]
[microclub.ch/2008/12/06/la-barrette-secteur-ecologique-microclub/feed/index.html]
[microclub.ch/wp-json/oembed/1.0/embedd5cd]
[microclub.ch/wp-json/wp/v2/posts/110.json]
[microclub.ch/wp-content/uploads/2008/12/horloge-electronique.jpg]
[microclub.ch/wp-loginab1e.html]
[microclub.ch/2008/12/06/la-barrette-secteur-ecologique-microclub/index.html]
[microclub.ch/wp-json/oembed/1.0/embed3768.json]
[microclub.ch/2008/12/24/les-jeux-de-2008-a-2009/feed/index.html]
[microclub.ch/wp-json/oembed/1.0/embedf423]
[microclub.ch/wp-json/wp/v2/posts/121.json]
[microclub.ch/wp-login11fc.html]
[microclub.ch/2008/12/24/les-jeux-de-2008-a-2009/index.html]
[microclub.ch/wp-login2346.html]
[microclub.ch/index5a24.html]
[microclub.ch/2008/12/31/process-explorer/index.html]
[microclub.ch/wp-json/oembed/1.0/embed758e.json]
[microclub.ch/2008/11/19/comment-effacer-du-code/feed/index.html]
[microclub.ch/wp-json/oembed/1.0/embed0b78]
[microclub.ch/wp-json/wp/v2/posts/97.json]
[microclub.ch/wp-login89a8.html]
[microclub.ch/2008/11/19/comment-effacer-du-code/index.html]
[microclub.ch/wp-loginaaa3.html]
[microclub.ch/index1865.html]
[microclub.ch/2008/11/08/reinstallation-les-indispensables/index.html]
[microclub.ch/wp-json/oembed/1.0/embed30c7.json]
[microclub.ch/1995/09/03/ecrire-des-textes-portable/feed/index.html]
[microclub.ch/wp-json/oembed/1.0/embed9a11]
[microclub.ch/wp-json/wp/v2/posts/43.json]
[microclub.ch/wp-login4121.html]
[microclub.ch/1995/09/03/ecrire-des-textes-portable/index.html]
[microclub.ch/wp-login3ad5.html]
[microclub.ch/index03e9.html]
[microclub.ch/1995/09/03/microclub-et-mi-chronique-sont-sur-internet/index.html]
[microclub.ch/wp-json/oembed/1.0/embed6a6f.json]
[microclub.ch/2014/03/30/update-de-hdd/feed/index.html]
[microclub.ch/wp-json/oembed/1.0/embed4fae]
[microclub.ch/wp-json/wp/v2/posts/1442.json]
[microclub.ch/2012/08/06/installer-un-disque-ssd-et-re-installer-w7-et-les-programmes/index.html]
[microclub.ch/wp-login19f3.html]
[microclub.ch/2014/03/30/update-de-hdd/index.html]
[microclub.ch/wp-login0a37.html]
[microclub.ch/indexc63f.html]
[microclub.ch/wp-logina397.html]
[microclub.ch/index34ae.html]
[microclub.ch/wp-loginf93e.html]
[microclub.ch/indexc7d1.html]
[microclub.ch/wp-login2e22.html]
[microclub.ch/index5b4f.html]
[microclub.ch/wp-login1e78.html]
[microclub.ch/category/articles/page/8/index.html]
[microclub.ch/indexb47e.html]
[microclub.ch/2012/11/17/fpv-hobby-drones-presentation-du-16-11-2012/index.html]
[microclub.ch/wp-json/oembed/1.0/embed6a8c.json]
[microclub.ch/2011/01/27/stuxnet/feed/index.html]
[microclub.ch/wp-json/oembed/1.0/embed0c45]
[microclub.ch/wp-json/wp/v2/posts/433.json]
[microclub.ch/wp-login1236.html]
[microclub.ch/2011/01/27/stuxnet/index.html]
[microclub.ch/wp-login624a.html]
[microclub.ch/indexa040.html]
[microclub.ch/wp-login969a.html]
[microclub.ch/author/rolfz/page/8/index.html]
[microclub.ch/category/microclub/page/10/index.html]
[microclub.ch/2011/01/26/twitter-le-retour/index.html]
[microclub.ch/page/11/index.html]
[microclub.ch/indexb140.html]
[microclub.ch/page/12/index.html]
[microclub.ch/author/rolfz/page/9/index.html]
[microclub.ch/category/microclub/page/11/index.html]
[microclub.ch/wp-json/oembed/1.0/embedcd52.json]
[microclub.ch/2013/09/24/universities-and-personal-colleges-present/feed/index.html]
[microclub.ch/wp-json/oembed/1.0/embeda634]
[microclub.ch/wp-json/wp/v2/posts/3457.json]
[microclub.ch/wp-login476f.html]
[microclub.ch/2013/09/24/universities-and-personal-colleges-present/index.html]
[microclub.ch/wp-loginaefb.html]
[microclub.ch/index5c93.html]
[microclub.ch/wp-login0b15.html]
[microclub.ch/indexb849.html]
[microclub.ch/author/burgener/index.html]
[microclub.ch/2013/09/07/photo-numerique-de-2-a-20-megapixels/index.html]
[microclub.ch/wp-json/oembed/1.0/embed2ec8.json]
[microclub.ch/2013/04/22/idee-recue-comparer-la-puissance-de-deux-ordinateurs-cest-facile/feed/index.html]
[microclub.ch/wp-json/oembed/1.0/embede6a0]
[microclub.ch/wp-json/wp/v2/posts/1205.json]
[microclub.ch/wp-login5f39.html]
[microclub.ch/2013/04/22/idee-recue-comparer-la-puissance-de-deux-ordinateurs-cest-facile/index.html]
[microclub.ch/wp-logind10a.html]
[microclub.ch/indexfeab.html]
[microclub.ch/2013/04/28/1210/index.html]
[microclub.ch/wp-json/oembed/1.0/embedb953.json]
[microclub.ch/2012/09/26/adieu-itunes-bonjour-spotify/feed/index.html]
[microclub.ch/wp-json/oembed/1.0/embed835d]
[microclub.ch/wp-json/wp/v2/posts/1012.json]
[microclub.ch/wp-content/uploads/2012/09/2012-09-26_211540.png]
[microclub.ch/2012/09/23/boite-a-outils-python-pypi-virtualenv-git-svn-hg-goulib/index.html]
[microclub.ch/2012/09/26/adieu-itunes-bonjour-spotify/index.html]
[microclub.ch/wp-login4fdf.html]
[microclub.ch/wp-json/oembed/1.0/embedfeaf.json]
[microclub.ch/2012/10/07/un-tres-beau-programme/feed/index.html]
[microclub.ch/wp-json/oembed/1.0/embed38f1]
[microclub.ch/wp-json/wp/v2/posts/1023.json]
[microclub.ch/wp-logina1c8.html]
[microclub.ch/2012/10/07/un-tres-beau-programme/index.html]
[microclub.ch/wp-loginee7b.html]
[microclub.ch/index4e57.html]
[microclub.ch/2012/10/21/javascript-le-langage-de-programmation-le-plus-incompris-du-monde/index.html]
[microclub.ch/wp-json/oembed/1.0/embed7710.json]
[microclub.ch/2011/10/07/tutoriel-processing/feed/index.html]
[microclub.ch/wp-json/oembed/1.0/embed2b8d]
[microclub.ch/wp-json/wp/v2/posts/536.json]
[microclub.ch/wp-content/uploads/2011/10/processing1.png]
[microclub.ch/wp-content/uploads/2011/10/capture-0259.png]
[microclub.ch/wp-loginc244.html]
[microclub.ch/2011/10/07/tutoriel-processing/index.html]
[microclub.ch/2011/09/20/les-geniales-pendules-de-marcel-betrisey/index.html]
[microclub.ch/2011/10/15/disparition-programmee-au-musee-bolo/feed/index.html]
[microclub.ch/wp-json/oembed/1.0/embed2fe8.json]
[microclub.ch/wp-json/oembed/1.0/embedb61e]
[microclub.ch/wp-json/wp/v2/posts/565.json]
[microclub.ch/wp-content/uploads/2011/10/musée-bolo.png]
[microclub.ch/wp-content/uploads/2011/10/musée-bolo-150x150.png]
[microclub.ch/wp-content/uploads/2011/10/disparition_programmee.pdf]
[microclub.ch/wp-content/uploads/2011/10/invitation.pdf]
[microclub.ch/2011/11/04/de-la-mailing-list-a-twitter/index.html]
[microclub.ch/2011/10/15/disparition-programmee-au-musee-bolo/index.html]
[microclub.ch/wp-login95e1.html]
[microclub.ch/indexc494.html]
[microclub.ch/wp-loginb2c5.html]
[microclub.ch/wp-json/oembed/1.0/embed8530.json]
[microclub.ch/2013/01/21/la-meilleure-page-d-erreur-404-du-monde/feed/index.html]
[microclub.ch/wp-json/oembed/1.0/embeddba8]
[microclub.ch/wp-json/wp/v2/posts/1149.json]
[microclub.ch/wp-login4e28.html]
[microclub.ch/2013/01/21/la-meilleure-page-d-erreur-404-du-monde/index.html]
[microclub.ch/wp-logind260.html]
[microclub.ch/index89d2.html]
[microclub.ch/2013/01/18/drgoulu-com-a-ete-hacke/index.html]
[microclub.ch/wp-json/oembed/1.0/embed92f5.json]
[microclub.ch/2012/07/02/mesure-de-courant-surprise/feed/index.html]
[microclub.ch/wp-json/oembed/1.0/embeda0b1]
[microclub.ch/wp-json/wp/v2/posts/803.json]
[microclub.ch/wp-content/uploads/2012/07/bobine_de_mesure_I.jpg]
[microclub.ch/wp-content/uploads/2012/07/bobine_de_mesure_I-300x225.jpg]
[microclub.ch/wp-content/uploads/2012/06/70W.jpg]
[microclub.ch/wp-content/uploads/2012/06/70W-150x150.jpg]
[microclub.ch/wp-content/uploads/2012/06/25W.jpg]
[microclub.ch/wp-content/uploads/2012/06/25W-150x150.jpg]
[microclub.ch/wp-content/uploads/2012/06/70W-pic.jpg]
[microclub.ch/wp-content/uploads/2012/06/70W-pic-150x150.jpg]
[microclub.ch/wp-content/uploads/2012/06/15W-tube.jpg]
[microclub.ch/wp-content/uploads/2012/06/15W-tube-150x150.jpg]
[microclub.ch/wp-content/uploads/2012/06/osc-HF.jpg]
[microclub.ch/wp-content/uploads/2012/06/osc-HF-150x150.jpg]
[microclub.ch/wp-content/uploads/2012/06/mesure_I.pdf]
[microclub.ch/wp-content/uploads/2012/07/lin_I-U.jpg]
[microclub.ch/wp-content/uploads/2012/07/lin_I-U-300x300.jpg]
[microclub.ch/wp-content/uploads/2012/06/schema_I-U.jpg]
[microclub.ch/wp-content/uploads/2012/06/schema_I-U-1024x543.jpg]
[microclub.ch/wp-content/uploads/2012/07/mesure_I2.pdf]
[microclub.ch/wp-content/uploads/2012/07/lin_I-U_10x.jpg]
[microclub.ch/wp-content/uploads/2012/07/lin_I-U_10x-294x300.jpg]
[microclub.ch/wp-content/uploads/2012/07/mesure_I_10x.pdf]
[microclub.ch/wp-login96bc.html]
[microclub.ch/2012/07/02/mesure-de-courant-surprise/index.html]
[microclub.ch/wp-login9f08.html]
[microclub.ch/indexc344.html]
[microclub.ch/wp-json/oembed/1.0/embedc7f0.json]
[microclub.ch/2012/01/03/python-avec-lenvironnement-pycharm/feed/index.html]
[microclub.ch/wp-json/oembed/1.0/embedbf31]
[microclub.ch/wp-json/wp/v2/posts/674.json]
[microclub.ch/wp-content/uploads/2012/01/pycharm01.jpg]
[microclub.ch/wp-content/uploads/2012/01/pc-open-dir.jpg]
[microclub.ch/wp-content/uploads/2012/01/win-1252.jpg]
[microclub.ch/wp-content/uploads/2012/01/Edit-config.jpg]
[microclub.ch/wp-content/uploads/2012/01/run_debug_conf.jpg]
[microclub.ch/wp-content/uploads/2012/01/Logo-Run.jpg]
[microclub.ch/wp-content/uploads/2012/01/Logo-debug.jpg]
[microclub.ch/wp-content/uploads/2012/01/Aide-redaction.jpg]
[microclub.ch/wp-content/uploads/2012/01/Aide-if.jpg]
[microclub.ch/wp-content/uploads/2012/01/inspect-code.jpg]
[microclub.ch/wp-content/uploads/2012/01/diff.jpg]
[microclub.ch/wp-content/uploads/2012/01/refactor.jpg]
[microclub.ch/wp-content/uploads/2012/01/todo.jpg]
[microclub.ch/wp-login7bdb.html]
[microclub.ch/2012/01/03/python-avec-lenvironnement-pycharm/index.html]
[microclub.ch/wp-login8297.html]
[microclub.ch/index2847.html]
[microclub.ch/wp-login25b5.html]
[microclub.ch/index8e0b.html]
[microclub.ch/2011/09/16/bernard-perrinjaquet-musee-du-telephone/feed/index.html]
[microclub.ch/wp-json/oembed/1.0/embed56c4.json]
[microclub.ch/wp-json/oembed/1.0/embed0524]
[microclub.ch/wp-json/wp/v2/posts/525.json]
[microclub.ch/wp-content/uploads/2011/09/perrinjaquet-p1.pdf]
[microclub.ch/wp-content/uploads/2011/09/perrinjaquet-p2.pdf]
[microclub.ch/2011/09/16/bernard-perrinjaquet-musee-du-telephone/index.html]
[microclub.ch/wp-login864a.html]
[microclub.ch/indexcb8c.html]
[microclub.ch/wp-logine188.html]
[microclub.ch/wp-json/oembed/1.0/embed2422.json]
[microclub.ch/2009/11/23/barrette-ecologique-suivi/feed/index.html]
[microclub.ch/wp-json/oembed/1.0/embed81fd]
[microclub.ch/wp-json/wp/v2/posts/252.json]
[microclub.ch/wp-content/uploads/2009/11/ck_datas.jpg]
[microclub.ch/wp-content/uploads/2009/11/ck_datasc6eb.jpg]
[microclub.ch/2009/11/18/wireshark-operationnel-sous-w7/index.html]
[microclub.ch/wp-login6ed4.html]
[microclub.ch/2009/12/29/indice-de-popularite-des-langages-de-programmation/index.html]
[microclub.ch/2009/11/23/barrette-ecologique-suivi/index.html]
[microclub.ch/2010/03/06/horloge-et-table-de-commutation/index.html]
[microclub.ch/wp-json/oembed/1.0/embedb226.json]
[microclub.ch/2010/08/13/techniques-de-decoupage-de-taches/feed/index.html]
[microclub.ch/wp-json/oembed/1.0/embed3394]
[microclub.ch/wp-json/wp/v2/posts/310.json]
[microclub.ch/2010/04/04/windows-7-detection-graphique-faible/index.html]
[microclub.ch/wp-login56b2.html]
[microclub.ch/2010/08/13/techniques-de-decoupage-de-taches/index.html]
[microclub.ch/wp-loginae4e.html]
[microclub.ch/index17f1.html]
[microclub.ch/wp-json/oembed/1.0/embede702.json]
[microclub.ch/2011/01/16/vanne-thermostatique-electronique/feed/index.html]
[microclub.ch/wp-json/oembed/1.0/embed2839]
[microclub.ch/wp-json/wp/v2/posts/349.json]
[microclub.ch/wp-content/uploads/2011/01/i_841537fb1.jpg]
[microclub.ch/wp-content/uploads/2011/01/i_841537fb1b940.jpg]
[microclub.ch/wp-content/uploads/2011/01/5cts19181.jpg]
[microclub.ch/wp-content/uploads/2011/01/5cts19181c6eb.jpg]
[microclub.ch/2011/01/16/vanne-thermostatique-electronique/index.html]
[microclub.ch/wp-login5253.html]
[microclub.ch/indexada0.html]
[microclub.ch/wp-login832a.html]
[microclub.ch/2011/01/23/yves-masur-microclub-devient-yvesmasur-ch/index.html]
[microclub.ch/wp-json/oembed/1.0/embed5240.json]
[microclub.ch/2009/02/23/aseba-cest-cool/feed/index.html]
[microclub.ch/wp-json/oembed/1.0/embedae49]
[microclub.ch/wp-json/wp/v2/posts/164.json]
[microclub.ch/wp-loginfb6e.html]
[microclub.ch/2009/02/23/aseba-cest-cool/index.html]
[microclub.ch/wp-logind105.html]
[microclub.ch/index3440.html]
[microclub.ch/2009/01/18/popularite-des-langages-de-programmation/index.html]
[microclub.ch/wp-json/oembed/1.0/embed9962.json]
[microclub.ch/2009/03/13/superordinateurs-de-table/feed/index.html]
[microclub.ch/wp-json/oembed/1.0/embedffde]
[microclub.ch/wp-json/wp/v2/posts/182.json]
[microclub.ch/wp-login7006.html]
[microclub.ch/2009/03/13/superordinateurs-de-table/index.html]
[microclub.ch/wp-login4188.html]
[microclub.ch/index5f87.html]
[microclub.ch/wp-loginab1e.html]
[microclub.ch/indexe856.html]
[microclub.ch/2009/03/14/proposez-un-microprojet/index.html]
[microclub.ch/wp-json/oembed/1.0/embed6045.json]
[microclub.ch/2008/12/31/process-explorer/feed/index.html]
[microclub.ch/wp-json/oembed/1.0/embed17b8]
[microclub.ch/wp-json/wp/v2/posts/124.json]
[microclub.ch/wp-content/uploads/2008/12/process_explorer.jpg]
[microclub.ch/wp-content/uploads/2008/12/sys_informations.jpg]
[microclub.ch/2009/01/02/vmware-update-difficile/index.html]
[microclub.ch/2008/12/31/process-explorer/index.html]
[microclub.ch/wp-login11fc.html]
[microclub.ch/indexb190.html]
[microclub.ch/wp-login2585.html]
[microclub.ch/wp-json/oembed/1.0/embed17b0.json]
[microclub.ch/2008/11/08/reinstallation-les-indispensables/feed/index.html]
[microclub.ch/wp-json/oembed/1.0/embedc68d]
[microclub.ch/wp-json/wp/v2/posts/93.json]
[microclub.ch/2007/11/28/delicious/index.html]
[microclub.ch/wp-login6529.html]
[microclub.ch/2008/11/08/reinstallation-les-indispensables/index.html]
[microclub.ch/wp-login89a8.html]
[microclub.ch/index4170.html]
[microclub.ch/2008/10/12/python-un-petit-sudoku-pour-commencer/index.html]
[microclub.ch/wp-json/oembed/1.0/embed3f15.json]
[microclub.ch/1995/09/03/microclub-et-mi-chronique-sont-sur-internet/feed/index.html]
[microclub.ch/wp-json/oembed/1.0/embedf33c]
[microclub.ch/wp-json/wp/v2/posts/45.json]
[microclub.ch/wp-logind8d8.html]
[microclub.ch/1995/09/03/microclub-et-mi-chronique-sont-sur-internet/index.html]
[microclub.ch/wp-login4121.html]
[microclub.ch/index8bab.html]
[microclub.ch/1995/09/03/laura-et-la-deskjet-850c/index.html]
[microclub.ch/wp-json/oembed/1.0/embed2177.json]
[microclub.ch/2012/08/06/installer-un-disque-ssd-et-re-installer-w7-et-les-programmes/feed/index.html]
[microclub.ch/wp-json/oembed/1.0/embed5945]
[microclub.ch/wp-json/wp/v2/posts/854.json]
[microclub.ch/wp-content/uploads/2012/07/mozbackup.jpg]
[microclub.ch/wp-content/uploads/2012/07/mozbackup-300x224.jpg]
[microclub.ch/wp-content/uploads/2012/07/SSD.jpg]
[microclub.ch/wp-content/uploads/2012/08/mklink.jpg]
[microclub.ch/wp-content/uploads/2012/08/mklink-300x120.jpg]
[microclub.ch/wp-content/uploads/2012/08/Wbackup.jpg]
[microclub.ch/wp-content/uploads/2012/08/Wbackup-300x105.jpg]
[microclub.ch/wp-content/uploads/2012/08/wuala.jpg]
[microclub.ch/wp-content/uploads/2012/08/wuala-300x159.jpg]
[microclub.ch/wp-content/uploads/2012/08/SDD_magicien.jpg]
[microclub.ch/wp-content/uploads/2012/08/SDD_magicien-300x196.jpg]
[microclub.ch/wp-loginf78a.html]
[microclub.ch/2012/08/06/installer-un-disque-ssd-et-re-installer-w7-et-les-programmes/index.html]
[microclub.ch/wp-login19f3.html]
[microclub.ch/2012/08/25/consoles-a-distance/index.html]
[microclub.ch/wp-json/oembed/1.0/embedade0.json]
[microclub.ch/2012/11/17/fpv-hobby-drones-presentation-du-16-11-2012/feed/index.html]
[microclub.ch/wp-json/oembed/1.0/embeda38f]
[microclub.ch/wp-json/wp/v2/posts/1089.json]
[microclub.ch/wp-content/uploads/2012/11/FPV-Hobby-DronesMC.pdf]
[microclub.ch/wp-content/uploads/2012/11/présentation_drones2-1024x766.jpg]
[microclub.ch/2012/11/07/apprendre-a-programmer-une-tache-impossible/index.html]
[microclub.ch/2012/11/17/fpv-hobby-drones-presentation-du-16-11-2012/index.html]
[microclub.ch/index1557.html]
[microclub.ch/wp-logindbd7.html]
[microclub.ch/2012/11/21/graphiques-au-look-xkcd-en-javascript-avec-d3/index.html]
[microclub.ch/wp-json/oembed/1.0/embed1c07.json]
[microclub.ch/2011/01/26/twitter-le-retour/feed/index.html]
[microclub.ch/wp-json/oembed/1.0/embed6fbb]
[microclub.ch/wp-json/wp/v2/posts/425.json]
[microclub.ch/wp-content/uploads/2011/01/rssdrgoulu.png]
[microclub.ch/2008/04/25/les-10-meilleures-applications-web/index.html]
[microclub.ch/wp-login7262.html]
[microclub.ch/2011/01/26/twitter-le-retour/index.html]
[microclub.ch/wp-login1236.html]
[microclub.ch/author/rolfz/page/9/index.html]
[microclub.ch/category/microclub/page/11/index.html]
[microclub.ch/2011/01/26/bienvenue-sur-le-nouveau-site-microclub-ch/index.html]
[microclub.ch/page/12/index.html]
[microclub.ch/indexb80b.html]
[microclub.ch/page/13/index.html]
[microclub.ch/author/rolfz/page/10/index.html]
[microclub.ch/category/microclub/page/12/index.html]
[microclub.ch/wp-json/wp/v2/users/35.json]
[microclub.ch/author/burgener/index.html]
[microclub.ch/author/burgener/feed/index.html]
[microclub.ch/wp-json/oembed/1.0/embed5999.json]
[microclub.ch/2013/09/07/photo-numerique-de-2-a-20-megapixels/feed/index.html]
[microclub.ch/wp-json/oembed/1.0/embed98c1]
[microclub.ch/wp-json/wp/v2/posts/1316.json]
[microclub.ch/wp-content/uploads/2013/09/DSC_HX50V.jpg]
[microclub.ch/wp-content/uploads/2013/09/DSC_HX50V-300x232.jpg]
[microclub.ch/wp-content/uploads/2013/09/R2.jpg]
[microclub.ch/wp-content/uploads/2013/09/R2-150x150.jpg]
[microclub.ch/wp-content/uploads/2013/09/R3.jpg]
[microclub.ch/wp-content/uploads/2013/09/R3-150x150.jpg]
[microclub.ch/wp-content/uploads/2013/09/R4.jpg]
[microclub.ch/wp-content/uploads/2013/09/R4-150x150.jpg]
[microclub.ch/wp-content/uploads/2013/09/R5.jpg]
[microclub.ch/wp-content/uploads/2013/09/R5-150x150.jpg]
[microclub.ch/wp-content/uploads/2013/09/R7.jpg]
[microclub.ch/wp-content/uploads/2013/09/R7-150x150.jpg]
[microclub.ch/wp-content/uploads/2013/09/R8.jpg]
[microclub.ch/wp-content/uploads/2013/09/R8-150x150.jpg]
[microclub.ch/wp-content/uploads/2013/09/R9.jpg]
[microclub.ch/wp-content/uploads/2013/09/R9-150x150.jpg]
[microclub.ch/wp-content/uploads/2013/09/Ra.jpg]
[microclub.ch/wp-content/uploads/2013/09/Ra-150x150.jpg]
[microclub.ch/wp-content/uploads/2013/09/Z1.jpg]
[microclub.ch/wp-content/uploads/2013/09/Z30.jpg]
[microclub.ch/wp-content/uploads/2013/09/Lune_c.jpg]
[microclub.ch/wp-content/uploads/2013/09/macro.jpg]
[microclub.ch/wp-content/uploads/2013/09/718.-araignée-guêpe.jpg]
[microclub.ch/wp-content/uploads/2013/09/718.-araignée-guêpe-767x1024.jpg]
[microclub.ch/wp-content/uploads/2013/09/Pano.jpg]
[microclub.ch/wp-content/uploads/2013/09/Pano-1024x225.jpg]
[microclub.ch/wp-content/uploads/2013/09/mapview.jpg]
[microclub.ch/wp-content/uploads/2013/09/mapview-300x219.jpg]
[microclub.ch/wp-content/uploads/2013/09/37-Riviera_art.jpg]
[microclub.ch/wp-content/uploads/2013/09/37-Riviera_art-1024x768.jpg]
[microclub.ch/wp-loginc407.html]
[microclub.ch/2013/09/03/conditions-yoda-gestion-dexception-pokemon-et-autres-classiques-de-programmation/index.html]
[microclub.ch/2013/09/07/photo-numerique-de-2-a-20-megapixels/index.html]
[microclub.ch/wp-login476f.html]
[microclub.ch/indexdf16.html]
[microclub.ch/wp-json/oembed/1.0/embede9c7.json]
[microclub.ch/2013/04/28/1210/feed/index.html]
[microclub.ch/wp-json/oembed/1.0/embedf5ea]
[microclub.ch/wp-json/wp/v2/posts/1210.json]
[microclub.ch/wp-login3dad.html]
[microclub.ch/2013/05/11/decouvrir-le-raspberry-pi/index.html]
[microclub.ch/2013/04/28/1210/index.html]
[microclub.ch/wp-login5f39.html]
[microclub.ch/index8f57.html]
[microclub.ch/wp-json/oembed/1.0/embed7d10.json]
[microclub.ch/2012/09/23/boite-a-outils-python-pypi-virtualenv-git-svn-hg-goulib/feed/index.html]
[microclub.ch/wp-json/oembed/1.0/embedacf9]
[microclub.ch/wp-json/wp/v2/posts/1010.json]
[microclub.ch/wp-loginee8d.html]
[microclub.ch/2012/09/23/boite-a-outils-python-pypi-virtualenv-git-svn-hg-goulib/index.html]
[microclub.ch/wp-login4fdf.html]
[microclub.ch/indexf884.html]
[microclub.ch/2012/09/11/controle-de-charge-pour-velo-electrique/index.html]
[microclub.ch/wp-json/oembed/1.0/embed1017.json]
[microclub.ch/2012/10/21/javascript-le-langage-de-programmation-le-plus-incompris-du-monde/feed/index.html]
[microclub.ch/wp-json/oembed/1.0/embedd379]
[microclub.ch/wp-json/wp/v2/posts/1033.json]
[microclub.ch/wp-login4af5.html]
[microclub.ch/2012/10/21/javascript-le-langage-de-programmation-le-plus-incompris-du-monde/index.html]
[microclub.ch/wp-logina1c8.html]
[microclub.ch/indexd379.html]
[microclub.ch/2012/10/21/windows-8/index.html]
[microclub.ch/wp-json/oembed/1.0/embede904.json]
[microclub.ch/2011/09/20/les-geniales-pendules-de-marcel-betrisey/feed/index.html]
[microclub.ch/wp-json/oembed/1.0/embed35a5]
[microclub.ch/wp-json/wp/v2/posts/533.json]
[microclub.ch/wp-login696b.html]
[microclub.ch/2011/09/20/les-geniales-pendules-de-marcel-betrisey/index.html]
[microclub.ch/wp-loginc244.html]
[microclub.ch/indexcfab.html]
[microclub.ch/wp-json/oembed/1.0/embed1e44.json]
[microclub.ch/2011/11/04/de-la-mailing-list-a-twitter/feed/index.html]
[microclub.ch/wp-json/oembed/1.0/embedeb90]
[microclub.ch/wp-json/wp/v2/posts/620.json]
[microclub.ch/wp-content/uploads/2011/11/trendml.png]
[microclub.ch/wp-content/uploads/2011/11/microclub.ch.stats-2011.png]
[microclub.ch/wp-logincd36.html]
[microclub.ch/wp-loginc043.html]
[microclub.ch/wp-loginb687.html]
[microclub.ch/wp-logind853.html]
[microclub.ch/wp-login267b.html]
[microclub.ch/wp-login6de0.html]
[microclub.ch/wp-loginf2d9.html]
[microclub.ch/wp-login3676.html]
[microclub.ch/wp-login740f.html]
[microclub.ch/wp-logina86b.html]
[microclub.ch/wp-login3372.html]
[microclub.ch/wp-login5a65.html]
[microclub.ch/wp-logine0cf.html]
[microclub.ch/wp-login5ffc.html]
[microclub.ch/wp-login8283.html]
[microclub.ch/wp-content/uploads/2011/11/trends4.png]
[microclub.ch/wp-loginc08a.html]
[microclub.ch/2011/11/04/de-la-mailing-list-a-twitter/index.html]
[microclub.ch/wp-loginb2c5.html]
[microclub.ch/index3f16.html]
[microclub.ch/wp-json/oembed/1.0/embed564f.json]
[microclub.ch/2013/01/18/drgoulu-com-a-ete-hacke/feed/index.html]
[microclub.ch/wp-json/oembed/1.0/embed165f]
[microclub.ch/wp-json/wp/v2/posts/1134.json]
[microclub.ch/wp-content/uploads/2013/01/Capture.png]
[microclub.ch/wp-content/uploads/2013/01/2013-01-19_075910.png]
[microclub.ch/wp-content/uploads/2013/01/2013-01-19_081341.png]
[microclub.ch/wp-login5c89.html]
[microclub.ch/2013/01/18/drgoulu-com-a-ete-hacke/index.html]
[microclub.ch/wp-login4e28.html]
[microclub.ch/index9628.html]
[microclub.ch/wp-login96bc.html]
[microclub.ch/index030b.html]
[microclub.ch/wp-login7bdb.html]
[microclub.ch/index27cd.html]
[microclub.ch/wp-logine188.html]
[microclub.ch/indexa943.html]
[microclub.ch/2012/12/18/newsletter-robotique-decembre-2012/index.html]
[microclub.ch/2009/11/18/wireshark-operationnel-sous-w7/feed/index.html]
[microclub.ch/wp-json/oembed/1.0/embedf882.json]
[microclub.ch/wp-json/oembed/1.0/embed95b3]
[microclub.ch/wp-json/wp/v2/posts/247.json]
[microclub.ch/wp-logine9d3.html]
[microclub.ch/2009/11/18/wireshark-operationnel-sous-w7/index.html]
[microclub.ch/2009/10/28/microscope-a-force-atomique-par-sandor-kasas/index.html]
[microclub.ch/wp-json/oembed/1.0/embed259c.json]
[microclub.ch/2009/12/29/indice-de-popularite-des-langages-de-programmation/feed/index.html]
[microclub.ch/wp-json/oembed/1.0/embeda908]
[microclub.ch/wp-json/wp/v2/posts/261.json]
[microclub.ch/wp-login81bc.html]
[microclub.ch/2009/12/29/indice-de-popularite-des-langages-de-programmation/index.html]
[microclub.ch/wp-login6ed4.html]
[microclub.ch/2010/01/29/les-wikis/index.html]
[microclub.ch/wp-json/oembed/1.0/embed34ef.json]
[microclub.ch/2010/03/06/horloge-et-table-de-commutation/feed/index.html]
[microclub.ch/wp-json/oembed/1.0/embede4d9]
[microclub.ch/wp-json/wp/v2/posts/290.json]
[microclub.ch/2010/02/28/windows-7-suprimmer-une-ancienne-installation/index.html]
[microclub.ch/wp-login8511.html]
[microclub.ch/2010/03/16/conference-video-surveillance-lieu-de-rendez-vous/index.html]
[microclub.ch/2010/03/06/horloge-et-table-de-commutation/index.html]
[microclub.ch/index90b2.html]
[microclub.ch/wp-json/oembed/1.0/embed9978.json]
[microclub.ch/2010/04/04/windows-7-detection-graphique-faible/feed/index.html]
[microclub.ch/wp-json/oembed/1.0/embedc391]
[microclub.ch/wp-json/wp/v2/posts/302.json]
[microclub.ch/wp-loginba0f.html]
[microclub.ch/2010/04/04/windows-7-detection-graphique-faible/index.html]
[microclub.ch/wp-login56b2.html]
[microclub.ch/index601c.html]
[microclub.ch/wp-json/oembed/1.0/embedbe27.json]
[microclub.ch/2011/01/23/yves-masur-microclub-devient-yvesmasur-ch/feed/index.html]
[microclub.ch/wp-json/oembed/1.0/embedeeaf]
[microclub.ch/wp-json/wp/v2/posts/413.json]
[microclub.ch/wp-includes/js/jquery/jquery1159.js]
[microclub.ch/wp-login1326.html]
[microclub.ch/2011/01/23/yves-masur-microclub-devient-yvesmasur-ch/index.html]
[microclub.ch/wp-login832a.html]
[microclub.ch/index7760.html]
[microclub.ch/wp-json/oembed/1.0/embed1a4d.json]
[microclub.ch/2009/01/18/popularite-des-langages-de-programmation/feed/index.html]
[microclub.ch/wp-json/oembed/1.0/embedd347]
[microclub.ch/wp-json/wp/v2/posts/161.json]
[microclub.ch/wp-login18eb.html]
[microclub.ch/2009/01/18/popularite-des-langages-de-programmation/index.html]
[microclub.ch/wp-loginfb6e.html]
[microclub.ch/index7b17.html]
[microclub.ch/2009/01/18/festival-de-robotique-photos-de-michel-vonlanthen/index.html]
[microclub.ch/wp-json/oembed/1.0/embed60d3.json]
[microclub.ch/2009/03/14/proposez-un-microprojet/feed/index.html]
[microclub.ch/wp-json/oembed/1.0/embed6372]
[microclub.ch/wp-json/wp/v2/posts/184.json]
[microclub.ch/wp-loginea9c.html]
[microclub.ch/2009/03/14/proposez-un-microprojet/index.html]
[microclub.ch/wp-login7006.html]
[microclub.ch/indexd4a6.html]
[microclub.ch/2009/05/04/festival-de-robotique/index.html]
[microclub.ch/wp-json/oembed/1.0/embed67e4.json]
[microclub.ch/2009/01/02/vmware-update-difficile/feed/index.html]
[microclub.ch/wp-json/oembed/1.0/embed66f7]
[microclub.ch/wp-json/wp/v2/posts/133.json]
[microclub.ch/wp-logina9ff.html]
[microclub.ch/2009/01/02/vmware-update-difficile/index.html]
[microclub.ch/wp-login2585.html]
[microclub.ch/index36d4.html]
[microclub.ch/2009/01/04/barette-secteur-la-plateforme-de-developpement/index.html]
[microclub.ch/wp-json/oembed/1.0/embed4d50.json]
[microclub.ch/2007/11/28/delicious/feed/index.html]
[microclub.ch/wp-json/oembed/1.0/embedb344]
[microclub.ch/wp-json/wp/v2/posts/24.json]
[microclub.ch/wp-logindbd0.html]
[microclub.ch/2007/11/28/delicious/index.html]
[microclub.ch/2007/11/29/simulateur-de-dauphin/index.html]
[microclub.ch/2007/11/27/supercalculateurs-le-top-500/index.html]
[microclub.ch/wp-json/oembed/1.0/embed3369.json]
[microclub.ch/2008/10/12/python-un-petit-sudoku-pour-commencer/feed/index.html]
[microclub.ch/wp-json/oembed/1.0/embed9705]
[microclub.ch/wp-json/wp/v2/posts/91.json]
[microclub.ch/wp-login22c1.html]
[microclub.ch/2008/10/12/python-un-petit-sudoku-pour-commencer/index.html]
[microclub.ch/wp-login6529.html]
[microclub.ch/index5e74.html]
[microclub.ch/2008/10/08/exercice-de-style-en-c-c-c/index.html]
[microclub.ch/wp-json/oembed/1.0/embedfaf4.json]
[microclub.ch/1995/09/03/laura-et-la-deskjet-850c/feed/index.html]
[microclub.ch/wp-json/oembed/1.0/embed8408]
[microclub.ch/wp-json/wp/v2/posts/46.json]
[microclub.ch/wp-loginecdb.html]
[microclub.ch/1995/09/03/laura-et-la-deskjet-850c/index.html]
[microclub.ch/wp-logind8d8.html]
[microclub.ch/index461a.html]
[microclub.ch/1995/09/03/vive-bill/index.html]
[microclub.ch/wp-json/oembed/1.0/embed2ae8.json]
[microclub.ch/2012/08/25/consoles-a-distance/feed/index.html]
[microclub.ch/wp-json/oembed/1.0/embedce2a]
[microclub.ch/wp-json/wp/v2/posts/915.json]
[microclub.ch/wp-content/uploads/2012/08/rdp_param.jpg]
[microclub.ch/wp-content/uploads/2012/08/rdp_param-281x300.jpg]
[microclub.ch/wp-content/uploads/2012/08/RDP_fail.jpg]
[microclub.ch/wp-content/uploads/2012/08/RDP_fail-300x198.jpg]
[microclub.ch/wp-content/uploads/2012/08/RDP_connect.jpg]
[microclub.ch/wp-content/uploads/2012/08/RDP_deconnect.jpg]
[microclub.ch/wp-content/uploads/2012/08/RDP_deconnect-1024x672.jpg]
[microclub.ch/wp-content/uploads/2012/08/TV_connect1.jpg]
[microclub.ch/wp-content/uploads/2012/08/TV_connect1-300x249.jpg]
[microclub.ch/wp-content/uploads/2012/08/TV_partage.jpg]
[microclub.ch/wp-content/uploads/2012/08/TV_partage-140x300.jpg]
[microclub.ch/wp-content/uploads/2012/08/TV_bouton.jpg]
[microclub.ch/wp-content/uploads/2012/08/TV_bouton-300x139.jpg]
[microclub.ch/wp-content/uploads/2012/08/log_reseaux_topo1.jpg]
[microclub.ch/wp-content/uploads/2012/08/log_reseaux_topo1-300x113.jpg]
[microclub.ch/wp-content/uploads/2012/08/LOG_installation.jpg]
[microclub.ch/wp-content/uploads/2012/08/LOG_installation-300x253.jpg]
[microclub.ch/wp-content/uploads/2012/08/log_dowload_pro.jpg]
[microclub.ch/wp-content/uploads/2012/08/log_dowload_pro-300x134.jpg]
[microclub.ch/wp-content/uploads/2012/08/log_list_ordi.jpg]
[microclub.ch/wp-content/uploads/2012/08/log_list_ordi-1024x636.jpg]
[microclub.ch/wp-content/uploads/2012/08/log_screen.jpg]
[microclub.ch/wp-content/uploads/2012/08/log_screen-1024x721.jpg]
[microclub.ch/wp-content/uploads/2012/08/log_partage_files_partiel.jpg]
[microclub.ch/wp-content/uploads/2012/08/vnc_license.jpg]
[microclub.ch/wp-content/uploads/2012/08/vnc_license-300x96.jpg]
[microclub.ch/wp-content/uploads/2012/08/vnc_screen.jpg]
[microclub.ch/wp-content/uploads/2012/08/vnc_screen-1024x637.jpg]
[microclub.ch/wp-content/uploads/2012/08/F5_connexion.jpg]
[microclub.ch/wp-content/uploads/2012/08/F5_settings.jpg]
[microclub.ch/wp-content/uploads/2012/08/F5_settings-300x150.jpg]
[microclub.ch/wp-loginb809.html]
[microclub.ch/2012/08/30/971/index.html]
[microclub.ch/2012/08/25/consoles-a-distance/index.html]
[microclub.ch/wp-loginf78a.html]
[microclub.ch/indexf8dc.html]
[microclub.ch/wp-json/oembed/1.0/embed0095.json]
[microclub.ch/2012/11/07/apprendre-a-programmer-une-tache-impossible/feed/index.html]
[microclub.ch/wp-json/oembed/1.0/embed8df6]
[microclub.ch/wp-json/wp/v2/posts/1069.json]
[microclub.ch/wp-loginab29.html]
[microclub.ch/2012/11/07/apprendre-a-programmer-une-tache-impossible/index.html]
[microclub.ch/2012/11/05/materiel-a-donner/index.html]
[microclub.ch/wp-json/oembed/1.0/embed2a89.json]
[microclub.ch/2012/11/21/graphiques-au-look-xkcd-en-javascript-avec-d3/feed/index.html]
[microclub.ch/wp-json/oembed/1.0/embed1367]
[microclub.ch/wp-json/wp/v2/posts/1105.json]
[microclub.ch/wp-loginfa6c.html]
[microclub.ch/2012/11/21/graphiques-au-look-xkcd-en-javascript-avec-d3/index.html]
[microclub.ch/wp-logindbd7.html]
[microclub.ch/index27ac.html]
[microclub.ch/wp-json/oembed/1.0/embed93e0.json]
[microclub.ch/2008/04/25/les-10-meilleures-applications-web/feed/index.html]
[microclub.ch/wp-json/oembed/1.0/embedaf8e]
[microclub.ch/wp-json/wp/v2/posts/399.json]
[microclub.ch/2007/10/28/meebocom/index.html]
[microclub.ch/wp-login4c28.html]
[microclub.ch/2008/04/25/les-10-meilleures-applications-web/index.html]
[microclub.ch/2011/01/26/bienvenue-sur-le-nouveau-site-microclub-ch/feed/index.html]
[microclub.ch/2008/04/26/le-tresling/index.html]
[microclub.ch/wp-json/oembed/1.0/embed6599.json]
[microclub.ch/2008/04/19/4-coeurs-cest-mieux-que-2-parfois/index.html]
[microclub.ch/wp-json/oembed/1.0/embed9389]
[microclub.ch/wp-json/wp/v2/posts/419.json]
[microclub.ch/2008/06/09/concours-de-banniere-et-flux-dagenda/index.html]
[microclub.ch/wp-login3c3b.html]
[microclub.ch/2011/01/26/bienvenue-sur-le-nouveau-site-microclub-ch/index.html]
[microclub.ch/wp-login7262.html]
[microclub.ch/author/rolfz/page/10/index.html]
[microclub.ch/category/microclub/page/12/index.html]
[microclub.ch/page/13/index.html]
[microclub.ch/index29f2.html]
[microclub.ch/page/14/index.html]
[microclub.ch/author/rolfz/page/11/index.html]
[microclub.ch/category/microclub/page/13/index.html]
[microclub.ch/wp-json/oembed/1.0/embed3384.json]
[microclub.ch/2013/09/03/conditions-yoda-gestion-dexception-pokemon-et-autres-classiques-de-programmation/feed/index.html]
[microclub.ch/wp-json/oembed/1.0/embed4a55]
[microclub.ch/wp-json/wp/v2/posts/1306.json]
[microclub.ch/2013/09/03/servo-moteur-les-limites/index.html]
[microclub.ch/wp-login1dbb.html]
[microclub.ch/2013/09/03/conditions-yoda-gestion-dexception-pokemon-et-autres-classiques-de-programmation/index.html]
[microclub.ch/wp-loginc407.html]
[microclub.ch/indexa028.html]
[microclub.ch/2013/05/11/decouvrir-le-raspberry-pi/feed/index.html]
[microclub.ch/wp-json/oembed/1.0/embed8c85.json]
[microclub.ch/wp-json/oembed/1.0/embed951b]
[microclub.ch/wp-json/wp/v2/posts/1225.json]
[microclub.ch/wp-content/uploads/2013/05/board.jpg]
[microclub.ch/wp-content/uploads/2013/05/VNC_param.jpg]
[microclub.ch/wp-content/uploads/2013/05/VNC_view.jpg]
[microclub.ch/wp-content/uploads/2013/05/VNC_view-1024x804.jpg]
[microclub.ch/wp-login6307.html]
[microclub.ch/2013/05/17/lunar-lander-le-retour-sans-commentaires/index.html]
[microclub.ch/2013/05/11/decouvrir-le-raspberry-pi/index.html]
[microclub.ch/wp-login3dad.html]
[microclub.ch/indexdf2a.html]
[microclub.ch/wp-json/oembed/1.0/embed5e5f.json]
[microclub.ch/2012/09/11/controle-de-charge-pour-velo-electrique/feed/index.html]
[microclub.ch/wp-json/oembed/1.0/embed7261]
[microclub.ch/wp-json/wp/v2/posts/974.json]
[microclub.ch/wp-content/uploads/2012/09/Load_control_interieur.jpg]
[microclub.ch/wp-content/uploads/2012/09/Load_control_interieur-951x1024.jpg]
[microclub.ch/wp-content/uploads/2012/09/Load_control_global.jpg]
[microclub.ch/wp-content/uploads/2012/09/Load_control_global-1024x957.jpg]
[microclub.ch/2012/09/11/controle-de-charge-pour-velo-electrique/index.html]
[microclub.ch/wp-loginee8d.html]
[microclub.ch/index8b2f.html]
[microclub.ch/wp-login8a49.html]
[microclub.ch/wp-json/oembed/1.0/embedf458.json]
[microclub.ch/2012/10/21/windows-8/feed/index.html]
[microclub.ch/wp-json/oembed/1.0/embed8b0e]
[microclub.ch/wp-json/wp/v2/posts/1035.json]
[microclub.ch/author/von/index.html]
[microclub.ch/wp-loginfba6.html]
[microclub.ch/2012/10/21/windows-8/index.html]
[microclub.ch/wp-login4af5.html]
[microclub.ch/index7414.html]
[microclub.ch/wp-login696b.html]
[microclub.ch/index2c3d.html]
[microclub.ch/wp-logincd36.html]
[microclub.ch/wp-loginc043.html]
[microclub.ch/wp-loginb687.html]
[microclub.ch/wp-logind853.html]
[microclub.ch/wp-login267b.html]
[microclub.ch/wp-login6de0.html]
[microclub.ch/wp-loginf2d9.html]
[microclub.ch/wp-login3676.html]
[microclub.ch/agora/index.html]
[microclub.ch/wp-login740f.html]
[microclub.ch/wp-logina86b.html]
[microclub.ch/2011/03/10/fete-de-l’informatique-retro-a-l’epfl/index.html]
[microclub.ch/wp-login3372.html]
[microclub.ch/wp-login5a65.html]
[microclub.ch/bricobot/index.html]
[microclub.ch/wp-logine0cf.html]
[microclub.ch/wp-login5ffc.html]
[microclub.ch/wp-login8283.html]
[microclub.ch/wp-loginc08a.html]
[microclub.ch/index6635.html]
[microclub.ch/2013/01/18/drgoulu-com-a-ete-hacke/2013-01-19_075910/index.html]
[microclub.ch/2013/01/18/drgoulu-com-a-ete-hacke/2013-01-19_081341/index.html]
[microclub.ch/wp-json/oembed/1.0/embed0c81.json]
[microclub.ch/2012/12/18/newsletter-robotique-decembre-2012/feed/index.html]
[microclub.ch/wp-json/oembed/1.0/embedc37f]
[microclub.ch/wp-json/wp/v2/posts/1121.json]
[microclub.ch/wp-loginfcaf.html]
[microclub.ch/2012/12/18/newsletter-robotique-decembre-2012/index.html]
[microclub.ch/wp-login5c89.html]
[microclub.ch/index8cf0.html]
[microclub.ch/wp-json/oembed/1.0/embedab09.json]
[microclub.ch/2009/10/28/microscope-a-force-atomique-par-sandor-kasas/feed/index.html]
[microclub.ch/wp-json/oembed/1.0/embed1ea4]
[microclub.ch/wp-json/wp/v2/posts/245.json]
[microclub.ch/wp-loginb586.html]
[microclub.ch/2009/10/28/microscope-a-force-atomique-par-sandor-kasas/index.html]
[microclub.ch/wp-logine9d3.html]
[microclub.ch/indexd89d.html]
[microclub.ch/2009/09/25/les-vieux-magazines-revivent/index.html]
[microclub.ch/wp-json/oembed/1.0/embedada6.json]
[microclub.ch/2010/01/29/les-wikis/feed/index.html]
[microclub.ch/wp-json/oembed/1.0/embede07e]
[microclub.ch/wp-json/wp/v2/posts/266.json]
[microclub.ch/wp-logind067.html]
[microclub.ch/2010/01/29/les-wikis/index.html]
[microclub.ch/wp-login81bc.html]
[microclub.ch/index5b31.html]
[microclub.ch/2010/02/19/w7-backup-essais-de-restauration/index.html]
[microclub.ch/wp-json/oembed/1.0/embed92fe.json]
[microclub.ch/2010/02/28/windows-7-suprimmer-une-ancienne-installation/feed/index.html]
[microclub.ch/wp-json/oembed/1.0/embed06a8]
[microclub.ch/wp-json/wp/v2/posts/277.json]
[microclub.ch/wp-content/uploads/2010/02/autorisations.jpg]
[microclub.ch/wp-content/uploads/2010/02/autorisationsc6eb.jpg]
[microclub.ch/wp-content/uploads/2010/02/remplacer_proprio.jpg]
[microclub.ch/wp-content/uploads/2010/02/remplacer_proprioc6eb.jpg]
[microclub.ch/wp-logincb28.html]
[microclub.ch/2010/02/28/windows-7-suprimmer-une-ancienne-installation/index.html]
[microclub.ch/wp-json/oembed/1.0/embed3e68.json]
[microclub.ch/2010/03/16/conference-video-surveillance-lieu-de-rendez-vous/feed/index.html]
[microclub.ch/wp-json/oembed/1.0/embed50e8]
[microclub.ch/wp-json/wp/v2/posts/297.json]
[microclub.ch/wp-login940c.html]
[microclub.ch/2010/03/16/conference-video-surveillance-lieu-de-rendez-vous/index.html]
[microclub.ch/wp-login8511.html]
[microclub.ch/index52e8.html]
[microclub.ch/wp-loginba0f.html]
[microclub.ch/index672e.html]
[microclub.ch/truc.html]
[microclub.ch/wp-login1326.html]
[microclub.ch/index8816.html]
[microclub.ch/wp-json/oembed/1.0/embedb123.json]
[microclub.ch/2009/01/18/festival-de-robotique-photos-de-michel-vonlanthen/feed/index.html]
[microclub.ch/wp-json/oembed/1.0/embed1dda]
[microclub.ch/wp-json/wp/v2/posts/156.json]
[microclub.ch/wp-login4fe5.html]
[microclub.ch/2009/01/18/festival-de-robotique-photos-de-michel-vonlanthen/index.html]
[microclub.ch/wp-login18eb.html]
[microclub.ch/index48fd.html]
[microclub.ch/2009/01/11/la-fin-de-ipv4/index.html]
[microclub.ch/2009/05/04/festival-de-robotique/feed/index.html]
[microclub.ch/wp-json/oembed/1.0/embed1a54.json]
[microclub.ch/wp-json/oembed/1.0/embeda777]
[microclub.ch/wp-json/wp/v2/posts/186.json]
[microclub.ch/wp-login88d6.html]
[microclub.ch/2009/05/04/festival-de-robotique/index.html]
[microclub.ch/wp-loginea9c.html]
[microclub.ch/index9c49.html]
[microclub.ch/2009/05/09/windows-7-ancien-os-dans-vmware/index.html]
[microclub.ch/wp-json/oembed/1.0/embeda406.json]
[microclub.ch/2009/01/04/barette-secteur-la-plateforme-de-developpement/feed/index.html]
[microclub.ch/wp-json/oembed/1.0/embed6690]
[microclub.ch/wp-json/wp/v2/posts/143.json]
[microclub.ch/wp-login4246.html]
[microclub.ch/2009/01/04/barette-secteur-la-plateforme-de-developpement/index.html]
[microclub.ch/wp-logina9ff.html]
[microclub.ch/index2cf9.html]
[microclub.ch/2006/11/08/delicious/index.html]
[microclub.ch/2009/01/11/core-memory/index.html]
[microclub.ch/2006/11/08/delicious-2/index.html]
[microclub.ch/wp-json/oembed/1.0/embeda385.json]
[microclub.ch/2007/11/27/supercalculateurs-le-top-500/feed/index.html]
[microclub.ch/wp-json/oembed/1.0/embed538d]
[microclub.ch/wp-json/wp/v2/posts/23.json]
[microclub.ch/wp-login06ac.html]
[microclub.ch/2007/11/27/supercalculateurs-le-top-500/index.html]
[microclub.ch/2007/11/26/enfer-cpl/index.html]
[microclub.ch/wp-json/oembed/1.0/embed7355.json]
[microclub.ch/2007/11/29/simulateur-de-dauphin/feed/index.html]
[microclub.ch/wp-json/oembed/1.0/embed4ab4]
[microclub.ch/wp-json/wp/v2/posts/25.json]
[microclub.ch/wp-loginc64d.html]
[microclub.ch/2007/11/29/simulateur-de-dauphin/index.html]
[microclub.ch/wp-logindbd0.html]
[microclub.ch/index5cfa.html]
[microclub.ch/2007/11/29/petit-upgrade-deviendra-grand/index.html]
[microclub.ch/wp-json/oembed/1.0/embedd1f7.json]
[microclub.ch/2008/10/08/exercice-de-style-en-c-c-c/feed/index.html]
[microclub.ch/wp-json/oembed/1.0/embed4218-2]
[microclub.ch/wp-json/wp/v2/posts/87.json]
[microclub.ch/wp-logina0d6.html]
[microclub.ch/2008/10/08/exercice-de-style-en-c-c-c/index.html]
[microclub.ch/wp-login22c1.html]
[microclub.ch/index7ea6.html]
[microclub.ch/2008/09/25/10-ans-de-google/index.html]
[microclub.ch/wp-json/oembed/1.0/embede3b7.json]
[microclub.ch/1995/09/03/vive-bill/feed/index.html]
[microclub.ch/wp-json/oembed/1.0/embed5354]
[microclub.ch/wp-json/wp/v2/posts/48.json]
[microclub.ch/wp-login7d89.html]
[microclub.ch/1995/09/03/vive-bill/index.html]
[microclub.ch/wp-loginecdb.html]
[microclub.ch/index07cd.html]
[microclub.ch/1996/04/08/petit-lexique-internet-a-lusage-des-mal-branches/index.html]
[microclub.ch/wp-json/oembed/1.0/embedf1cf.json]
[microclub.ch/2012/08/30/971/feed/index.html]
[microclub.ch/wp-json/oembed/1.0/embed1d79]
[microclub.ch/wp-json/wp/v2/posts/971.json]
[microclub.ch/wp-login8779.html]
[microclub.ch/2012/08/30/971/index.html]
[microclub.ch/wp-loginb809.html]
[microclub.ch/index9fb4.html]
[microclub.ch/wp-json/oembed/1.0/embed87af.json]
[microclub.ch/2012/11/05/materiel-a-donner/feed/index.html]
[microclub.ch/wp-json/oembed/1.0/embed09df]
[microclub.ch/wp-json/wp/v2/posts/1063.json]
[microclub.ch/wp-loginaf18.html]
[microclub.ch/2012/11/05/materiel-a-donner/index.html]
[microclub.ch/wp-loginab29.html]
[microclub.ch/index26b0.html]
[microclub.ch/wp-loginfa6c.html]
[microclub.ch/index0945.html]
[microclub.ch/wp-json/oembed/1.0/embed7f4d.json]
[microclub.ch/2007/10/28/meebocom/feed/index.html]
[microclub.ch/wp-json/oembed/1.0/embed379a]
[microclub.ch/wp-json/wp/v2/posts/376.json]
[microclub.ch/2007/01/07/les-musts-du-web-2007/index.html]
[microclub.ch/wp-login5c82.html]
[microclub.ch/2007/10/28/meebocom/index.html]
[microclub.ch/wp-json/oembed/1.0/embed5cc7.json]
[microclub.ch/2007/11/01/bienvenue-sur-le-blog-du-microclub/index.html]
[microclub.ch/2008/04/19/4-coeurs-cest-mieux-que-2-parfois/feed/index.html]
[microclub.ch/2007/10/16/etude-facebook/index.html]
[microclub.ch/wp-json/oembed/1.0/embedc313]
[microclub.ch/wp-json/wp/v2/posts/41.json]
[microclub.ch/wp-login1088.html]
[microclub.ch/2008/04/19/4-coeurs-cest-mieux-que-2-parfois/index.html]
[microclub.ch/2008/04/12/la-douce-musique-des-aiguilles/index.html]
[microclub.ch/wp-json/oembed/1.0/embed0123.json]
[microclub.ch/2008/04/26/le-tresling/feed/index.html]
[microclub.ch/wp-json/oembed/1.0/embed3cd2]
[microclub.ch/wp-json/wp/v2/posts/42.json]
[microclub.ch/wp-loginfbee.html]
[microclub.ch/2008/04/26/le-tresling/index.html]
[microclub.ch/wp-login4c28.html]
[microclub.ch/indexbdfa.html]
[microclub.ch/2008/04/27/swisstrainsch/index.html]
[microclub.ch/wp-json/oembed/1.0/embeded65.json]
[microclub.ch/2008/06/09/concours-de-banniere-et-flux-dagenda/feed/index.html]
[microclub.ch/wp-json/oembed/1.0/embed337d]
[microclub.ch/wp-json/wp/v2/posts/58.json]
[microclub.ch/wp-content/uploads/2008/06/binary-kite1-300x36.jpg]
[microclub.ch/wp-content/uploads/2008/06/boutons-300x36.jpg]
[microclub.ch/wp-content/uploads/2008/06/printed-300x36.jpg]
[microclub.ch/2008/06/09/concours-de-banniere-et-flux-dagenda/binary-kite1/index.html]
[microclub.ch/2008/06/09/concours-de-banniere-et-flux-dagenda/boutons/index.html]
[microclub.ch/2008/06/09/concours-de-banniere-et-flux-dagenda/printed/index.html]
[microclub.ch/wp-login9eaa.html]
[microclub.ch/2008/06/09/concours-de-banniere-et-flux-dagenda/index.html]
[microclub.ch/wp-login3c3b.html]
[microclub.ch/author/rolfz/page/11/index.html]
[microclub.ch/2007/11/04/agenda-du-microclub-sur-google-et-en-rss/index.html]
[microclub.ch/category/microclub/page/13/index.html]
[microclub.ch/2008/06/01/wifi-versus-powerline/index.html]
[microclub.ch/2008/06/15/tv-et-reparation/index.html]
[microclub.ch/page/14/index.html]
[microclub.ch/indexc474.html]
[microclub.ch/author/rolfz/page/12/index.html]
[microclub.ch/category/microclub/page/14/index.html]
[microclub.ch/page/15/index.html]
[microclub.ch/wp-json/oembed/1.0/embed293e.json]
[microclub.ch/2013/09/03/servo-moteur-les-limites/feed/index.html]
[microclub.ch/wp-json/oembed/1.0/embed4d78]
[microclub.ch/wp-json/wp/v2/posts/1297.json]
[microclub.ch/wp-content/uploads/2013/09/673-main_LPC-mot2-detail-traction-L.jpg]
[microclub.ch/wp-content/uploads/2013/09/673-main_LPC-mot2-detail-traction-L-300x225.jpg]
[microclub.ch/2013/09/03/servo-moteur-les-limites/index.html]
[microclub.ch/wp-loginb23d.html]
[microclub.ch/wp-login1dbb.html]
[microclub.ch/indexf5cb.html]
[microclub.ch/2013/08/02/souris-logitech-m515-amelioree/index.html]
[microclub.ch/2013/05/17/lunar-lander-le-retour-sans-commentaires/feed/index.html]
[microclub.ch/wp-json/oembed/1.0/embede505.json]
[microclub.ch/wp-json/oembed/1.0/embed9ec5]
[microclub.ch/wp-json/wp/v2/posts/1219.json]
[microclub.ch/wp-content/uploads/2013/05/Capture.png]
[microclub.ch/wp-logina185.html]
[microclub.ch/2013/05/17/lunar-lander-le-retour-sans-commentaires/index.html]
[microclub.ch/wp-login6307.html]
[microclub.ch/index9f44.html]
[microclub.ch/wp-login8a49.html]
[microclub.ch/index7849.html]
[microclub.ch/wp-json/wp/v2/users/10.json]
[microclub.ch/2013/06/01/emulation-en-javascript/index.html]
[microclub.ch/author/von/index.html]
[microclub.ch/wp-loginfba6.html]
[microclub.ch/indexe7ac.html]
[microclub.ch/wp-loginfcaf.html]
[microclub.ch/indexe1a1.html]
[microclub.ch/author/von/feed/index.html]
[microclub.ch/wp-json/oembed/1.0/embedddee.json]
[microclub.ch/2009/09/25/les-vieux-magazines-revivent/feed/index.html]
[microclub.ch/wp-json/oembed/1.0/embed1abb]
[microclub.ch/wp-json/wp/v2/posts/243.json]
[microclub.ch/wp-logind135.html]
[microclub.ch/2009/09/25/les-vieux-magazines-revivent/index.html]
[microclub.ch/wp-loginb586.html]
[microclub.ch/index6543.html]
[microclub.ch/2009/06/23/liens-jusquou/index.html]
[microclub.ch/wp-json/oembed/1.0/embed3bd6.json]
[microclub.ch/2010/02/19/w7-backup-essais-de-restauration/feed/index.html]
[microclub.ch/wp-json/oembed/1.0/embed81fa]
[microclub.ch/wp-json/wp/v2/posts/268.json]
[microclub.ch/wp-loginfe5b.html]
[microclub.ch/2010/02/19/w7-backup-essais-de-restauration/index.html]
[microclub.ch/wp-logind067.html]
[microclub.ch/index9076.html]
[microclub.ch/Users/Yves/Documents/temp/autorisations.html]
[microclub.ch/wp-logincb28.html]
[microclub.ch/index07ee.html]
[microclub.ch/wp-login940c.html]
[microclub.ch/indexd1a7.html]
[microclub.ch/wp-json/oembed/1.0/embedf3b8.json]
[microclub.ch/2009/01/11/la-fin-de-ipv4/feed/index.html]
[microclub.ch/wp-json/oembed/1.0/embedf767]
[microclub.ch/wp-json/wp/v2/posts/66.json]
[microclub.ch/wp-login5566.html]
[microclub.ch/2009/01/11/la-fin-de-ipv4/index.html]
[microclub.ch/wp-login4fe5.html]
[microclub.ch/index146c.html]
[microclub.ch/wp-json/oembed/1.0/embed0f57.json]
[microclub.ch/2009/05/09/windows-7-ancien-os-dans-vmware/feed/index.html]
[microclub.ch/wp-json/oembed/1.0/embedc529]
[microclub.ch/wp-json/wp/v2/posts/189.json]
[microclub.ch/wp-content/uploads/2009/05/sevenvista.png]
[microclub.ch/2009/05/23/resolution-de-systemes-dequations-lineaires-avec-un-tableur/index.html]
[microclub.ch/2009/05/09/windows-7-ancien-os-dans-vmware/index.html]
[microclub.ch/wp-login88d6.html]
[microclub.ch/indexdc22.html]
[microclub.ch/wp-loginf688.html]
[microclub.ch/wp-json/oembed/1.0/embedb03e.json]
[microclub.ch/2009/01/11/core-memory/feed/index.html]
[microclub.ch/wp-json/oembed/1.0/embeda8a4]
[microclub.ch/wp-json/wp/v2/posts/150.json]
[microclub.ch/wp-login594d.html]
[microclub.ch/2009/01/11/core-memory/index.html]
[microclub.ch/wp-login4246.html]
[microclub.ch/wp-json/oembed/1.0/embed582f.json]
[microclub.ch/2006/11/08/delicious-2/feed/index.html]
[microclub.ch/wp-json/oembed/1.0/embed4411]
[microclub.ch/wp-json/wp/v2/posts/365.json]
[microclub.ch/wp-loginb07a.html]
[microclub.ch/2006/11/08/delicious-2/index.html]
[microclub.ch/index40a0.html]
[microclub.ch/2006/09/15/emulation-et-virtualisation/index.html]
[microclub.ch/2006/11/22/les-tag-clouds/index.html]
[microclub.ch/wp-json/oembed/1.0/embed7af7.json]
[microclub.ch/2007/11/26/enfer-cpl/feed/index.html]
[microclub.ch/wp-json/oembed/1.0/embedc9e9]
[microclub.ch/wp-json/wp/v2/posts/22.json]
[microclub.ch/wp-login0384.html]
[microclub.ch/2007/11/26/enfer-cpl/index.html]
[microclub.ch/wp-login06ac.html]
[microclub.ch/index970c.html]
[microclub.ch/2007/11/19/comment-tenter-de-controler-son-identite-sur-le-net/index.html]
[microclub.ch/wp-json/oembed/1.0/embeddaf8.json]
[microclub.ch/2007/11/29/petit-upgrade-deviendra-grand/feed/index.html]
[microclub.ch/wp-json/oembed/1.0/embeda217]
[microclub.ch/wp-json/wp/v2/posts/26.json]
[microclub.ch/2007/11/02/la-montee-en-puissance-des-gpus/index.html]
[microclub.ch/wp-login7b91.html]
[microclub.ch/2007/11/29/petit-upgrade-deviendra-grand/index.html]
[microclub.ch/wp-loginc64d.html]
[microclub.ch/index5d38.html]
[microclub.ch/2007/12/06/here-comes-another-bubble/index.html]
[microclub.ch/wp-json/oembed/1.0/embed2bc3.json]
[microclub.ch/2008/09/25/10-ans-de-google/feed/index.html]
[microclub.ch/wp-json/oembed/1.0/embed25b9]
[microclub.ch/wp-json/wp/v2/posts/61.json]
[microclub.ch/2008/05/08/chronologies-webifiees/index.html]
[microclub.ch/wp-login2654.html]
[microclub.ch/2008/09/25/10-ans-de-google/index.html]
[microclub.ch/wp-logina0d6.html]
[microclub.ch/index94b0.html]
[microclub.ch/1996/04/08/petit-lexique-internet-a-lusage-des-mal-branches/feed/index.html]
[microclub.ch/wp-json/oembed/1.0/embed4062.json]
[microclub.ch/2008/09/05/google-chrome-quelques-tests/index.html]
[microclub.ch/wp-json/oembed/1.0/embed9637]
[microclub.ch/wp-json/wp/v2/posts/49.json]
[microclub.ch/wp-login0f1e.html]
[microclub.ch/1996/04/08/petit-lexique-internet-a-lusage-des-mal-branches/index.html]
[microclub.ch/wp-login7d89.html]
[microclub.ch/indexe618.html]
[microclub.ch/wp-login8779.html]
[microclub.ch/index6cfe.html]
[microclub.ch/wp-loginaf18.html]
[microclub.ch/index264a.html]
[microclub.ch/1996/04/08/echec-a-deep-blue/index.html]
[microclub.ch/wp-json/oembed/1.0/embedfe91.json]
[microclub.ch/2007/01/07/les-musts-du-web-2007/feed/index.html]
[microclub.ch/wp-json/oembed/1.0/embed45ec]
[microclub.ch/wp-json/wp/v2/posts/366.json]
[microclub.ch/wp-logind772.html]
[microclub.ch/2007/01/07/les-musts-du-web-2007/index.html]
[microclub.ch/2007/01/07/pandora-la-boite-a-musique-qui-explose-tout/index.html]
[microclub.ch/wp-json/oembed/1.0/embede136.json]
[microclub.ch/2007/10/16/etude-facebook/feed/index.html]
[microclub.ch/wp-json/oembed/1.0/embed16a2]
[microclub.ch/wp-json/wp/v2/posts/375.json]
[microclub.ch/wp-login6892.html]
[microclub.ch/2007/10/16/etude-facebook/index.html]
[microclub.ch/2007/10/07/quel-usage-professionnel-pour-facebook/index.html]
[microclub.ch/wp-json/oembed/1.0/embede6a2.json]
[microclub.ch/2007/11/01/bienvenue-sur-le-blog-du-microclub/feed/index.html]
[microclub.ch/wp-json/oembed/1.0/embed83a0]
[microclub.ch/wp-json/wp/v2/posts/357.json]
[microclub.ch/wp-loginf3e0.html]
[microclub.ch/2007/11/01/bienvenue-sur-le-blog-du-microclub/index.html]
[microclub.ch/wp-login5c82.html]
[microclub.ch/indexcbb6.html]
[microclub.ch/wp-json/oembed/1.0/embed554f.json]
[microclub.ch/2008/04/12/la-douce-musique-des-aiguilles/feed/index.html]
[microclub.ch/wp-json/oembed/1.0/embedc65b]
[microclub.ch/wp-json/wp/v2/posts/40.json]
[microclub.ch/wp-login6df2.html]
[microclub.ch/2008/04/12/la-douce-musique-des-aiguilles/index.html]
[microclub.ch/wp-login1088.html]
[microclub.ch/indexfbd5.html]
[microclub.ch/2008/03/14/maitriser-le-contenu-des-flux-rss/index.html]
[microclub.ch/wp-json/oembed/1.0/embed3274.json]
[microclub.ch/2008/04/27/swisstrainsch/feed/index.html]
[microclub.ch/wp-json/oembed/1.0/embedecba]
[microclub.ch/wp-json/wp/v2/posts/401.json]
[microclub.ch/wp-content/uploads/2008/04/swisstrains.png]
[microclub.ch/2008/04/27/swisstrainsch/index.html]
[microclub.ch/wp-loginfbee.html]
[microclub.ch/indexe9b4.html]
[microclub.ch/wp-login5e21.html]
[microclub.ch/wp-json/oembed/1.0/embed2032.json]
[microclub.ch/2008/06/09/concours-de-banniere-et-flux-dagenda/binary-kite1/feed/index.html]
[microclub.ch/wp-json/oembed/1.0/embed147d]
[microclub.ch/wp-json/wp/v2/media/59.json]
[microclub.ch/wp-content/uploads/2008/06/binary-kite1.712.delayed]
[microclub.ch/wp-loginf445.html]
[microclub.ch/2008/06/09/concours-de-banniere-et-flux-dagenda/binary-kite1/index.html]
[microclub.ch/wp-json/oembed/1.0/embed5e9b.json]
[microclub.ch/2008/06/09/concours-de-banniere-et-flux-dagenda/boutons/feed/index.html]
[microclub.ch/wp-json/oembed/1.0/embed66fa]
[microclub.ch/wp-json/wp/v2/media/60.json]
[microclub.ch/wp-content/uploads/2008/06/boutons.717.delayed]
[microclub.ch/wp-login908f.html]
[microclub.ch/2008/06/09/concours-de-banniere-et-flux-dagenda/boutons/index.html]
[microclub.ch/wp-json/oembed/1.0/embed2932.json]
[microclub.ch/2008/06/09/concours-de-banniere-et-flux-dagenda/printed/feed/index.html]
[microclub.ch/wp-json/oembed/1.0/embed894c]
[microclub.ch/wp-json/wp/v2/media/62.json]
[microclub.ch/wp-content/uploads/2008/06/printed.71c.delayed]
[microclub.ch/wp-login44f4.html]
[microclub.ch/2008/06/09/concours-de-banniere-et-flux-dagenda/printed/index.html]
[microclub.ch/wp-json/oembed/1.0/embed4a7e.json]
[microclub.ch/2007/11/04/agenda-du-microclub-sur-google-et-en-rss/feed/index.html]
[microclub.ch/wp-json/oembed/1.0/embed6377]
[microclub.ch/wp-json/wp/v2/posts/8.json]
[microclub.ch/wp-loginec51.html]
[microclub.ch/2007/11/04/agenda-du-microclub-sur-google-et-en-rss/index.html]
[microclub.ch/2007/11/02/facebook/index.html]
[microclub.ch/2007/11/05/plaxo/index.html]
[microclub.ch/wp-json/oembed/1.0/embed5698.json]
[microclub.ch/2008/06/01/wifi-versus-powerline/feed/index.html]
[microclub.ch/wp-json/oembed/1.0/embedc038]
[microclub.ch/wp-json/wp/v2/posts/53.json]
[microclub.ch/wp-login5492.html]
[microclub.ch/2008/06/01/wifi-versus-powerline/index.html]
[microclub.ch/2008/06/01/optimisation-de-vista/index.html]
[microclub.ch/wp-json/oembed/1.0/embed211b.json]
[microclub.ch/2008/06/15/tv-et-reparation/feed/index.html]
[microclub.ch/wp-json/oembed/1.0/embedb85c]
[microclub.ch/wp-json/wp/v2/posts/63.json]
[microclub.ch/wp-content/uploads/2008/06/tuner_tv.jpg]
[microclub.ch/wp-login4fd4.html]
[microclub.ch/2008/06/18/la-plus-grande-invention-de-linformatique/index.html]
[microclub.ch/2008/06/15/tv-et-reparation/index.html]
[microclub.ch/wp-login9eaa.html]
[microclub.ch/author/rolfz/page/12/index.html]
[microclub.ch/category/microclub/page/14/index.html]
[microclub.ch/page/15/index.html]
[microclub.ch/index214b.html]
[microclub.ch/page/16/index.html]
[microclub.ch/author/rolfz/page/13/index.html]
[microclub.ch/category/microclub/page/15/index.html]
[microclub.ch/wp-json/oembed/1.0/embed806f.json]
[microclub.ch/2013/08/02/souris-logitech-m515-amelioree/feed/index.html]
[microclub.ch/wp-json/oembed/1.0/embedc3ec]
[microclub.ch/wp-json/wp/v2/posts/1291.json]
[microclub.ch/wp-content/uploads/2013/08/souris-M515.jpg]
[microclub.ch/wp-login4391.html]
[microclub.ch/2013/07/01/sortir-de-networksolution-le-souk/index.html]
[microclub.ch/2013/08/02/souris-logitech-m515-amelioree/index.html]
[microclub.ch/wp-loginb23d.html]
[microclub.ch/indexb213.html]
[microclub.ch/2013/05/17/lunar-lander-le-retour-sans-commentaires/capture-2/index.html]
[microclub.ch/wp-json/oembed/1.0/embedc2ab.json]
[microclub.ch/2013/06/01/emulation-en-javascript/feed/index.html]
[microclub.ch/wp-json/oembed/1.0/embedea4f]
[microclub.ch/wp-json/wp/v2/posts/1249.json]
[microclub.ch/wp-login04c6.html]
[microclub.ch/2013/06/01/emulation-en-javascript/index.html]
[microclub.ch/wp-logina185.html]
[microclub.ch/indexfbc5.html]
[microclub.ch/2013/06/13/internet-et-les-images-cest-lacrobatie/index.html]
[microclub.ch/wp-json/oembed/1.0/embedbdbd.json]
[microclub.ch/2009/06/23/liens-jusquou/feed/index.html]
[microclub.ch/wp-json/oembed/1.0/embedec9d]
[microclub.ch/wp-json/wp/v2/posts/227.json]
[microclub.ch/wp-login1a71.html]
[microclub.ch/2009/06/23/liens-jusquou/index.html]
[microclub.ch/wp-logind135.html]
[microclub.ch/indexc524.html]
[microclub.ch/wp-loginfe5b.html]
[microclub.ch/index4f61.html]
[microclub.ch/wp-login5566.html]
[microclub.ch/indexa80c.html]
[microclub.ch/2009/06/21/mon-google-phone-htc-magic/index.html]
[microclub.ch/wp-json/oembed/1.0/embed6131.json]
[microclub.ch/2009/05/23/resolution-de-systemes-dequations-lineaires-avec-un-tableur/feed/index.html]
[microclub.ch/wp-json/oembed/1.0/embedbc97]
[microclub.ch/wp-json/wp/v2/posts/193.json]
[microclub.ch/wp-login3d64.html]
[microclub.ch/2009/05/23/resolution-de-systemes-dequations-lineaires-avec-un-tableur/index.html]
[microclub.ch/wp-loginf688.html]
[microclub.ch/index56d6.html]
[microclub.ch/wp-login594d.html]
[microclub.ch/index18ee.html]
[microclub.ch/2009/06/05/windows-7-video-impossible/index.html]
[microclub.ch/2006/09/15/emulation-et-virtualisation/feed/index.html]
[microclub.ch/wp-json/oembed/1.0/embedadc9.json]
[microclub.ch/wp-json/oembed/1.0/embede6a7]
[microclub.ch/wp-json/wp/v2/posts/78.json]
[microclub.ch/wp-login7b71.html]
[microclub.ch/2006/09/15/emulation-et-virtualisation/index.html]
[microclub.ch/2006/06/03/cms-blogs-et-wikis/index.html]
[microclub.ch/wp-json/oembed/1.0/embed2480.json]
[microclub.ch/2006/11/22/les-tag-clouds/feed/index.html]
[microclub.ch/wp-json/oembed/1.0/embed7801]
[microclub.ch/wp-json/wp/v2/posts/12.json]
[microclub.ch/2008/07/22/les-beaux-nuages-de-tags-de-wordle/index.html]
[microclub.ch/wp-login3ff2.html]
[microclub.ch/2006/11/22/les-tag-clouds/index.html]
[microclub.ch/wp-loginb07a.html]
[microclub.ch/index0345.html]
[microclub.ch/wp-json/oembed/1.0/embed3bea.json]
[microclub.ch/2007/11/19/comment-tenter-de-controler-son-identite-sur-le-net/feed/index.html]
[microclub.ch/wp-json/oembed/1.0/embed394a]
[microclub.ch/wp-json/wp/v2/posts/20.json]
[microclub.ch/wp-login54f5.html]
[microclub.ch/2007/11/19/comment-tenter-de-controler-son-identite-sur-le-net/index.html]
[microclub.ch/wp-login0384.html]
[microclub.ch/index88b9.html]
[microclub.ch/2007/11/19/comment-tenter-de-controler-son-identite-sur-le-web/index.html]
[microclub.ch/wp-json/oembed/1.0/embed9ff8.json]
[microclub.ch/2007/11/02/la-montee-en-puissance-des-gpus/feed/index.html]
[microclub.ch/wp-json/oembed/1.0/embed472e]
[microclub.ch/wp-json/wp/v2/posts/358.json]
[microclub.ch/wp-logineefc.html]
[microclub.ch/2007/11/02/la-montee-en-puissance-des-gpus/index.html]
[microclub.ch/wp-json/oembed/1.0/embedbec3.json]
[microclub.ch/2007/12/06/here-comes-another-bubble/feed/index.html]
[microclub.ch/wp-json/oembed/1.0/embed6d3e]
[microclub.ch/wp-json/wp/v2/posts/379.json]
[microclub.ch/wp-login407c.html]
[microclub.ch/2007/12/06/here-comes-another-bubble/index.html]
[microclub.ch/wp-login7b91.html]
[microclub.ch/index094d.html]
[microclub.ch/2007/12/08/des-graphiques-facilement-sur-votre-site-web/index.html]
[microclub.ch/wp-json/oembed/1.0/embedb478.json]
[microclub.ch/2008/05/08/chronologies-webifiees/feed/index.html]
[microclub.ch/wp-json/oembed/1.0/embed1fd6]
[microclub.ch/wp-json/wp/v2/posts/403.json]
[microclub.ch/wp-content/uploads/2008/05/dipitysamplec6eb.png]
[microclub.ch/wp-login0ba9.html]
[microclub.ch/2008/05/08/chronologies-webifiees/index.html]
[microclub.ch/2008/05/17/twitter-spectrum/index.html]
[microclub.ch/wp-json/oembed/1.0/embed7534.json]
[microclub.ch/2008/09/05/google-chrome-quelques-tests/feed/index.html]
[microclub.ch/wp-json/oembed/1.0/embed72be]
[microclub.ch/wp-json/wp/v2/posts/70.json]
[microclub.ch/wp-loginba2b.html]
[microclub.ch/2008/09/05/google-chrome-quelques-tests/index.html]
[microclub.ch/wp-login2654.html]
[microclub.ch/index0012.html]
[microclub.ch/wp-json/oembed/1.0/embede1bc.json]
[microclub.ch/1996/04/08/echec-a-deep-blue/feed/index.html]
[microclub.ch/wp-json/oembed/1.0/embed31a1]
[microclub.ch/wp-json/wp/v2/posts/51.json]
[microclub.ch/wp-logineb5d.html]
[microclub.ch/1996/04/08/echec-a-deep-blue/index.html]
[microclub.ch/wp-login0f1e.html]
[microclub.ch/index7aa0.html]
[microclub.ch/1996/11/08/quelques-mots-a-propos-du-journal-mi-chronique-et-de-son-evolution/index.html]
[microclub.ch/wp-json/oembed/1.0/embed71f7.json]
[microclub.ch/2007/01/07/pandora-la-boite-a-musique-qui-explose-tout/feed/index.html]
[microclub.ch/wp-json/oembed/1.0/embedea49]
[microclub.ch/wp-json/wp/v2/posts/367.json]
[microclub.ch/wp-logine6e0.html]
[microclub.ch/2007/01/07/pandora-la-boite-a-musique-qui-explose-tout/index.html]
[microclub.ch/wp-logind772.html]
[microclub.ch/index3922.html]
[microclub.ch/2007/02/23/u3-les-nouvelles-cles-usb/index.html]
[microclub.ch/2007/05/03/pandora-coupee-en-europe/index.html]
[microclub.ch/wp-json/oembed/1.0/embed0a77.json]
[microclub.ch/2007/10/07/quel-usage-professionnel-pour-facebook/feed/index.html]
[microclub.ch/wp-json/oembed/1.0/embed5930]
[microclub.ch/wp-json/wp/v2/posts/4.json]
[microclub.ch/wp-login4322.html]
[microclub.ch/2007/08/21/plan-du-web/index.html]
[microclub.ch/2007/10/07/quel-usage-professionnel-pour-facebook/index.html]
[microclub.ch/wp-login6892.html]
[microclub.ch/indexec1b.html]
[microclub.ch/wp-loginf3e0.html]
[microclub.ch/index3ba0.html]
[microclub.ch/wp-json/oembed/1.0/embed4bf8.json]
[microclub.ch/2008/03/14/maitriser-le-contenu-des-flux-rss/feed/index.html]
[microclub.ch/wp-json/oembed/1.0/embed7642]
[microclub.ch/wp-json/wp/v2/posts/398.json]
[microclub.ch/wp-login2f6c.html]
[microclub.ch/2008/03/14/maitriser-le-contenu-des-flux-rss/index.html]
[microclub.ch/wp-login6df2.html]
[microclub.ch/indexfef8.html]
[microclub.ch/wp-login5e21.html]
[microclub.ch/index1098.html]
[microclub.ch/wp-loginf445.html]
[microclub.ch/index0721.html]
[microclub.ch/wp-login908f.html]
[microclub.ch/index5c36.html]
[microclub.ch/wp-login44f4.html]
[microclub.ch/index2df4.html]
[microclub.ch/2008/03/04/telephone-retour-a-lanalogique/index.html]
[microclub.ch/wp-json/oembed/1.0/embed9c46.json]
[microclub.ch/2007/11/02/facebook/feed/index.html]
[microclub.ch/wp-json/oembed/1.0/embed24c9]
[microclub.ch/wp-json/wp/v2/posts/7.json]
[microclub.ch/wp-login2508.html]
[microclub.ch/2007/11/02/facebook/index.html]
[microclub.ch/wp-json/oembed/1.0/embeda4e8.json]
[microclub.ch/2007/11/05/plaxo/feed/index.html]
[microclub.ch/wp-json/oembed/1.0/embed2bae]
[microclub.ch/wp-json/wp/v2/posts/377.json]
[microclub.ch/wp-login1340.html]
[microclub.ch/2007/11/05/plaxo/index.html]
[microclub.ch/wp-loginec51.html]
[microclub.ch/index5fb3.html]
[microclub.ch/2007/11/09/melissa-et-les-captchas/index.html]
[microclub.ch/wp-json/oembed/1.0/embed39ff.json]
[microclub.ch/2008/06/01/optimisation-de-vista/feed/index.html]
[microclub.ch/wp-json/oembed/1.0/embed8561]
[microclub.ch/wp-json/wp/v2/posts/54.json]
[microclub.ch/wp-login37ba.html]
[microclub.ch/2008/06/01/optimisation-de-vista/index.html]
[microclub.ch/wp-login5492.html]
[microclub.ch/index2cce.html]
[microclub.ch/2008/05/27/ajout-dun-routeur-wifi/index.html]
[microclub.ch/wp-json/oembed/1.0/embed4ce0.json]
[microclub.ch/2008/06/18/la-plus-grande-invention-de-linformatique/feed/index.html]
[microclub.ch/wp-json/oembed/1.0/embed0135]
[microclub.ch/wp-json/wp/v2/posts/65.json]
[microclub.ch/wp-loginb980.html]
[microclub.ch/2008/06/18/la-plus-grande-invention-de-linformatique/index.html]
[microclub.ch/wp-login4fd4.html]
[microclub.ch/author/rolfz/page/13/index.html]
[microclub.ch/category/microclub/page/15/index.html]
[microclub.ch/page/16/index.html]
[microclub.ch/index3c2a.html]
[microclub.ch/page/17/index.html]
[microclub.ch/author/rolfz/page/14/index.html]
[microclub.ch/category/microclub/page/16/index.html]
[microclub.ch/wp-json/oembed/1.0/embed3fb3.json]
[microclub.ch/2013/07/01/sortir-de-networksolution-le-souk/feed/index.html]
[microclub.ch/wp-json/oembed/1.0/embedec3b]
[microclub.ch/wp-json/wp/v2/posts/1264.json]
[microclub.ch/wp-content/uploads/2013/07/0-bloque.jpg]
[microclub.ch/wp-content/uploads/2013/07/1-debloc.jpg]
[microclub.ch/wp-content/uploads/2013/07/2-stop.jpg]
[microclub.ch/wp-content/uploads/2013/07/3-assure.jpg]
[microclub.ch/wp-content/uploads/2013/07/4-questions.jpg]
[microclub.ch/2013/07/01/sortir-de-networksolution-le-souk/index.html]
[microclub.ch/wp-login4391.html]
[microclub.ch/index42fb.html]
[microclub.ch/wp-loginf9d6.html]
[microclub.ch/wp-json/oembed/1.0/embed1a95.json]
[microclub.ch/2013/06/13/internet-et-les-images-cest-lacrobatie/feed/index.html]
[microclub.ch/wp-json/oembed/1.0/embedc785]
[microclub.ch/wp-json/wp/v2/posts/1256.json]
[microclub.ch/wp-login1798.html]
[microclub.ch/2013/06/13/internet-et-les-images-cest-lacrobatie/index.html]
[microclub.ch/wp-login04c6.html]
[microclub.ch/index9a88.html]
[microclub.ch/wp-json/oembed/1.0/embedc6dd.json]
[microclub.ch/2009/06/21/mon-google-phone-htc-magic/feed/index.html]
[microclub.ch/wp-json/oembed/1.0/embedab7b]
[microclub.ch/wp-json/wp/v2/posts/213.json]
[microclub.ch/wp-logina2af.html]
[microclub.ch/2009/06/21/mon-google-phone-htc-magic/index.html]
[microclub.ch/wp-login1a71.html]
[microclub.ch/index28c5.html]
[microclub.ch/2009/06/19/investir-un-apprentissage/index.html]
[microclub.ch/2009/06/05/windows-7-video-impossible/feed/index.html]
[microclub.ch/wp-json/oembed/1.0/embed117f.json]
[microclub.ch/wp-json/oembed/1.0/embed81a2]
[microclub.ch/wp-json/wp/v2/posts/196.json]
[microclub.ch/2009/06/06/windows-7-forces-et-faiblesses/index.html]
[microclub.ch/wp-loginde0f.html]
[microclub.ch/2009/06/05/windows-7-video-impossible/index.html]
[microclub.ch/wp-login3d64.html]
[microclub.ch/index7896.html]
[microclub.ch/wp-json/oembed/1.0/embede9a3.json]
[microclub.ch/2006/06/03/cms-blogs-et-wikis/feed/index.html]
[microclub.ch/wp-json/oembed/1.0/embedf456]
[microclub.ch/wp-json/wp/v2/posts/85.json]
[microclub.ch/wp-login6db0.html]
[microclub.ch/2006/06/03/cms-blogs-et-wikis/index.html]
[microclub.ch/wp-login7b71.html]
[microclub.ch/index678b.html]
[microclub.ch/2006/02/24/scalable-vector-graphics-svg/index.html]
[microclub.ch/2008/07/22/les-beaux-nuages-de-tags-de-wordle/feed/index.html]
[microclub.ch/wp-json/oembed/1.0/embedf17d.json]
[microclub.ch/wp-json/oembed/1.0/embedc480]
[microclub.ch/wp-json/wp/v2/posts/411.json]
[microclub.ch/wp-content/uploads/2008/07/wordle.png]
[microclub.ch/wp-login859a.html]
[microclub.ch/2008/07/22/les-beaux-nuages-de-tags-de-wordle/index.html]
[microclub.ch/wp-login3ff2.html]
[microclub.ch/index341b.html]
[microclub.ch/wp-json/oembed/1.0/embed4b99.json]
[microclub.ch/2007/11/19/comment-tenter-de-controler-son-identite-sur-le-web/feed/index.html]
[microclub.ch/wp-json/oembed/1.0/embed4ad5]
[microclub.ch/wp-json/wp/v2/posts/378.json]
[microclub.ch/wp-loginb8d3.html]
[microclub.ch/2007/11/19/comment-tenter-de-controler-son-identite-sur-le-web/index.html]
[microclub.ch/wp-login54f5.html]
[microclub.ch/indexf5a4.html]
[microclub.ch/wp-logineefc.html]
[microclub.ch/index60bd.html]
[microclub.ch/2007/11/11/lua-le-nouveau-basic/index.html]
[microclub.ch/2007/12/12/le-conseil-federal-sur-facebook/index.html]
[microclub.ch/wp-json/oembed/1.0/embedc953.json]
[microclub.ch/2007/12/08/des-graphiques-facilement-sur-votre-site-web/feed/index.html]
[microclub.ch/wp-json/oembed/1.0/embedadde]
[microclub.ch/wp-json/wp/v2/posts/27.json]
[microclub.ch/wp-login1cdf.html]
[microclub.ch/2007/12/08/des-graphiques-facilement-sur-votre-site-web/index.html]
[microclub.ch/wp-login407c.html]
[microclub.ch/index23ea.html]
[microclub.ch/2007/12/10/les-bases-du-marketing-sur-facebook/index.html]
[microclub.ch/wp-json/oembed/1.0/embed7a0a.json]
[microclub.ch/2008/05/17/twitter-spectrum/feed/index.html]
[microclub.ch/wp-json/oembed/1.0/embedd5f3]
[microclub.ch/wp-json/wp/v2/posts/405.json]
[microclub.ch/wp-content/uploads/2008/05/tws.png]
[microclub.ch/wp-login2c03.html]
[microclub.ch/2008/05/22/google-sites/index.html]
[microclub.ch/2008/05/17/twitter-spectrum/index.html]
[microclub.ch/wp-login0ba9.html]
[microclub.ch/index3f3a.html]
[microclub.ch/wp-loginba2b.html]
[microclub.ch/index8cf7.html]
[microclub.ch/wp-json/oembed/1.0/embede97c.json]
[microclub.ch/1996/11/08/quelques-mots-a-propos-du-journal-mi-chronique-et-de-son-evolution/feed/index.html]
[microclub.ch/wp-json/oembed/1.0/embedf20d]
[microclub.ch/wp-json/wp/v2/posts/50.json]
[microclub.ch/wp-logine8fc.html]
[microclub.ch/1996/11/08/quelques-mots-a-propos-du-journal-mi-chronique-et-de-son-evolution/index.html]
[microclub.ch/wp-logineb5d.html]
[microclub.ch/index55d4.html]
[microclub.ch/1997/04/08/nt-40/index.html]
[microclub.ch/wp-json/oembed/1.0/embedbc93.json]
[microclub.ch/2007/02/23/u3-les-nouvelles-cles-usb/feed/index.html]
[microclub.ch/wp-json/oembed/1.0/embed01bb]
[microclub.ch/wp-json/wp/v2/posts/83.json]
[microclub.ch/2007/03/03/bittorrent-du-genial-au-pire-to-pire-et-au-dela/index.html]
[microclub.ch/wp-loginc5ab.html]
[microclub.ch/2007/02/23/u3-les-nouvelles-cles-usb/index.html]
[microclub.ch/wp-json/oembed/1.0/embed3839.json]
[microclub.ch/2007/05/03/pandora-coupee-en-europe/feed/index.html]
[microclub.ch/wp-json/oembed/1.0/embed7e46]
[microclub.ch/wp-json/wp/v2/posts/368.json]
[microclub.ch/wp-login1265.html]
[microclub.ch/2007/05/03/pandora-coupee-en-europe/index.html]
[microclub.ch/wp-logine6e0.html]
[microclub.ch/index5c7e.html]
[microclub.ch/wp-admin/free interactive online knowledge sharing.html]
[microclub.ch/2007/05/10/flux-rss/index.html]
[microclub.ch/wp-json/oembed/1.0/embeda5d4.json]
[microclub.ch/2007/08/21/plan-du-web/feed/index.html]
[microclub.ch/wp-json/oembed/1.0/embed37ac]
[microclub.ch/wp-json/wp/v2/posts/374.json]
[microclub.ch/wp-logind243.html]
[microclub.ch/2007/08/21/plan-du-web/index.html]
[microclub.ch/wp-login4322.html]
[microclub.ch/index9d24.html]
[microclub.ch/2007/08/13/aggregation-rss-en-ligne/index.html]
[microclub.ch/wp-json/oembed/1.0/embed97f5.json]
[microclub.ch/2008/03/04/telephone-retour-a-lanalogique/feed/index.html]
[microclub.ch/wp-json/oembed/1.0/embed6282]
[microclub.ch/wp-json/wp/v2/posts/39.json]
[microclub.ch/wp-logina0a3.html]
[microclub.ch/2008/03/04/telephone-retour-a-lanalogique/index.html]
[microclub.ch/wp-login2f6c.html]
[microclub.ch/indexc4f7.html]
[microclub.ch/category/facebook/index.html]
[microclub.ch/wp-login2508.html]
[microclub.ch/indexa7ab.html]
[microclub.ch/2008/02/27/roomba-xmas-by-todbot-revver-online-video-sharing-network/index.html]
[microclub.ch/wp-json/oembed/1.0/embedb565.json]
[microclub.ch/2007/11/09/melissa-et-les-captchas/feed/index.html]
[microclub.ch/wp-json/oembed/1.0/embed243a]
[microclub.ch/wp-json/wp/v2/posts/9.json]
[microclub.ch/wp-loginef00.html]
[microclub.ch/2007/11/09/melissa-et-les-captchas/index.html]
[microclub.ch/wp-login1340.html]
[microclub.ch/indexcc0f.html]
[microclub.ch/wp-json/oembed/1.0/embed5c00.json]
[microclub.ch/2008/05/27/ajout-dun-routeur-wifi/feed/index.html]
[microclub.ch/wp-json/oembed/1.0/embed4e9f]
[microclub.ch/wp-json/wp/v2/posts/52.json]
[microclub.ch/wp-login0fd2.html]
[microclub.ch/2008/05/27/ajout-dun-routeur-wifi/index.html]
[microclub.ch/wp-login37ba.html]
[microclub.ch/index7665.html]
[microclub.ch/wp-loginb980.html]
[microclub.ch/author/rolfz/page/14/index.html]
[microclub.ch/category/microclub/page/16/index.html]
[microclub.ch/page/17/index.html]
[microclub.ch/2008/05/26/tag-galaxy/index.html]
[microclub.ch/index1d4f.html]
[microclub.ch/wp-loginf9d6.html]
[microclub.ch/index3003.html]
[microclub.ch/wp-login1798.html]
[microclub.ch/indexf3dd.html]
[microclub.ch/page/18/index.html]
[microclub.ch/author/rolfz/page/15/index.html]
[microclub.ch/category/microclub/page/17/index.html]
[microclub.ch/wp-json/oembed/1.0/embed1521.json]
[microclub.ch/2009/06/19/investir-un-apprentissage/feed/index.html]
[microclub.ch/wp-json/oembed/1.0/embed99c9]
[microclub.ch/wp-json/wp/v2/posts/237.json]
[microclub.ch/wp-content/uploads/2009/06/pecheur.jpg]
[microclub.ch/wp-content/uploads/2009/06/booms-et-crises.jpg]
[microclub.ch/2009/06/19/investir-un-apprentissage/index.html]
[microclub.ch/wp-logina2af.html]
[microclub.ch/indexf45e.html]
[microclub.ch/wp-loginf72c.html]
[microclub.ch/wp-json/oembed/1.0/embedbf73.json]
[microclub.ch/2009/06/06/windows-7-forces-et-faiblesses/feed/index.html]
[microclub.ch/wp-json/oembed/1.0/embed2cd6]
[microclub.ch/wp-json/wp/v2/posts/200.json]
[microclub.ch/wp-content/uploads/2009/06/mediaplayer.jpg]
[microclub.ch/wp-content/uploads/2009/06/vm_avast.jpg]
[microclub.ch/wp-login224a.html]
[microclub.ch/2009/06/06/windows-7-forces-et-faiblesses/index.html]
[microclub.ch/wp-loginde0f.html]
[microclub.ch/index648c.html]
[microclub.ch/wp-json/oembed/1.0/embed8c27.json]
[microclub.ch/2006/02/24/scalable-vector-graphics-svg/feed/index.html]
[microclub.ch/wp-json/oembed/1.0/embed3a3e]
[microclub.ch/wp-json/wp/v2/posts/454.json]
[microclub.ch/wp-login6c88.html]
[microclub.ch/2006/02/24/scalable-vector-graphics-svg/index.html]
[microclub.ch/wp-login6db0.html]
[microclub.ch/index8eaf.html]
[microclub.ch/wp-login859a.html]
[microclub.ch/indexe8d3.html]
[microclub.ch/2005/09/03/worms/index.html]
[microclub.ch/wp-json/oembed/1.0/embed19e2.json]
[microclub.ch/2007/11/11/lua-le-nouveau-basic/feed/index.html]
[microclub.ch/wp-json/oembed/1.0/embed7de1]
[microclub.ch/wp-json/wp/v2/posts/17.json]
[microclub.ch/wp-loginfb94.html]
[microclub.ch/2007/11/11/lua-le-nouveau-basic/index.html]
[microclub.ch/wp-json/oembed/1.0/embedc24a.json]
[microclub.ch/2007/12/12/le-conseil-federal-sur-facebook/feed/index.html]
[microclub.ch/wp-json/oembed/1.0/embedbd8d]
[microclub.ch/wp-json/wp/v2/posts/380.json]
[microclub.ch/wp-content/uploads/2007/12/couchepin.png]
[microclub.ch/wp-login6c0c.html]
[microclub.ch/2007/12/12/le-conseil-federal-sur-facebook/index.html]
[microclub.ch/wp-loginb8d3.html]
[microclub.ch/index1c4a.html]
[microclub.ch/2007/12/12/web-20-de-noel/index.html]
[microclub.ch/wp-json/oembed/1.0/embed7620.json]
[microclub.ch/2007/12/10/les-bases-du-marketing-sur-facebook/feed/index.html]
[microclub.ch/wp-json/oembed/1.0/embed0a4e]
[microclub.ch/wp-json/wp/v2/posts/19.json]
[microclub.ch/wp-logina9d1.html]
[microclub.ch/2007/12/10/les-bases-du-marketing-sur-facebook/index.html]
[microclub.ch/wp-login1cdf.html]
[microclub.ch/index4efb.html]
[microclub.ch/wp-json/oembed/1.0/embeddfd3.json]
[microclub.ch/2008/05/22/google-sites/feed/index.html]
[microclub.ch/wp-json/oembed/1.0/embed2c64]
[microclub.ch/wp-json/wp/v2/posts/406.json]
[microclub.ch/wp-loginb2b3.html]
[microclub.ch/2008/05/22/google-sites/index.html]
[microclub.ch/wp-login2c03.html]
[microclub.ch/index6aed.html]
[microclub.ch/wp-json/oembed/1.0/embedf051.json]
[microclub.ch/1997/04/08/nt-40/feed/index.html]
[microclub.ch/wp-json/oembed/1.0/embedb582]
[microclub.ch/wp-json/wp/v2/posts/44.json]
[microclub.ch/wp-login2fea.html]
[microclub.ch/1997/04/08/nt-40/index.html]
[microclub.ch/wp-logine8fc.html]
[microclub.ch/index55e4.html]
[microclub.ch/2003/11/11/des-pics-pourquoi-faire-comment-faire/index.html]
[microclub.ch/wp-json/oembed/1.0/embed9449.json]
[microclub.ch/2007/03/03/bittorrent-du-genial-au-pire-to-pire-et-au-dela/feed/index.html]
[microclub.ch/wp-json/oembed/1.0/embed16c0]
[microclub.ch/wp-json/wp/v2/posts/37.json]
[microclub.ch/2008/01/02/les-10-startups-2008-selon-wired/index.html]
[microclub.ch/wp-loginf44b.html]
[microclub.ch/2007/03/03/bittorrent-du-genial-au-pire-to-pire-et-au-dela/index.html]
[microclub.ch/wp-loginc5ab.html]
[microclub.ch/index5ee4.html]
[microclub.ch/wp-json/oembed/1.0/embeda271.json]
[microclub.ch/2007/05/10/flux-rss/feed/index.html]
[microclub.ch/wp-json/oembed/1.0/embedbd48]
[microclub.ch/wp-json/wp/v2/posts/5.json]
[microclub.ch/wp-loginb570.html]
[microclub.ch/2007/05/10/flux-rss/index.html]
[microclub.ch/wp-login1265.html]
[microclub.ch/index9222.html]
[microclub.ch/2007/05/10/igoogle/index.html]
[microclub.ch/2008/02/26/tout-sur-les-flux-rss/index.html]
[microclub.ch/wp-json/oembed/1.0/embed2a58.json]
[microclub.ch/2007/08/13/aggregation-rss-en-ligne/feed/index.html]
[microclub.ch/wp-json/oembed/1.0/embede77c]
[microclub.ch/wp-json/wp/v2/posts/6.json]
[microclub.ch/wp-login7d56.html]
[microclub.ch/2007/08/13/aggregation-rss-en-ligne/index.html]
[microclub.ch/wp-logind243.html]
[microclub.ch/indexba52.html]
[microclub.ch/2007/07/23/facebook-pourrait-il-devenir-le-prochain-microsoft/index.html]
[microclub.ch/wp-json/oembed/1.0/embed90d3.json]
[microclub.ch/2008/02/27/roomba-xmas-by-todbot-revver-online-video-sharing-network/feed/index.html]
[microclub.ch/wp-json/oembed/1.0/embed41bd]
[microclub.ch/wp-json/wp/v2/posts/38.json]
[microclub.ch/wp-loginb131.html]
[microclub.ch/2008/02/27/roomba-xmas-by-todbot-revver-online-video-sharing-network/index.html]
[microclub.ch/wp-logina0a3.html]
[microclub.ch/indexb5fb.html]
[microclub.ch/wp-loginef00.html]
[microclub.ch/index4579.html]
[microclub.ch/wp-json/oembed/1.0/embed28dd.json]
[microclub.ch/2008/05/26/tag-galaxy/feed/index.html]
[microclub.ch/wp-json/oembed/1.0/embed71d1]
[microclub.ch/wp-json/wp/v2/posts/409.json]
[microclub.ch/wp-content/uploads/2008/05/taggalaxy1.png]
[microclub.ch/wp-content/uploads/2008/05/taggalax2.png]
[microclub.ch/wp-content/uploads/2008/05/taggalaxy3.png]
[microclub.ch/2008/05/26/tag-galaxy/index.html]
[microclub.ch/wp-login0fd2.html]
[microclub.ch/author/rolfz/page/15/index.html]
[microclub.ch/category/microclub/page/17/index.html]
[microclub.ch/wp-login9df3.html]
[microclub.ch/page/18/index.html]
[microclub.ch/index8a71.html]
[microclub.ch/wp-loginf72c.html]
[microclub.ch/indexdc0d.html]
[microclub.ch/wp-login224a.html]
[microclub.ch/index6353.html]
[microclub.ch/page/19/index.html]
[microclub.ch/author/rolfz/page/16/index.html]
[microclub.ch/category/microclub/page/18/index.html]
[microclub.ch/wp-json/oembed/1.0/embed2cf1.json]
[microclub.ch/2005/09/03/worms/feed/index.html]
[microclub.ch/wp-json/oembed/1.0/embed0905]
[microclub.ch/wp-json/wp/v2/posts/47.json]
[microclub.ch/wp-login279b.html]
[microclub.ch/2005/09/03/worms/index.html]
[microclub.ch/wp-login6c88.html]
[microclub.ch/indexd8eb.html]
[microclub.ch/wp-loginfb94.html]
[microclub.ch/index0dc6.html]
[microclub.ch/wp-json/oembed/1.0/embed7568.json]
[microclub.ch/2007/12/12/web-20-de-noel/feed/index.html]
[microclub.ch/wp-json/oembed/1.0/embed6cfc]
[microclub.ch/wp-json/wp/v2/posts/393.json]
[microclub.ch/wp-content/uploads/2007/12/rss-ny_01.png]
[microclub.ch/wp-content/uploads/2007/12/rss-ny_03.png]
[microclub.ch/wp-content/uploads/2007/12/rss-ny_26.png]
[microclub.ch/wp-content/uploads/2007/12/rss-ny_22.png]
[microclub.ch/wp-content/uploads/2007/12/rss-ny_18.png]
[microclub.ch/wp-content/uploads/2007/12/rss-ny_06.png]
[microclub.ch/wp-content/uploads/2007/12/rss-ny_12.png]
[microclub.ch/wp-content/uploads/2007/12/rss-ny_15.png]
[microclub.ch/wp-content/uploads/2007/12/rss-ny_24.png]
[microclub.ch/wp-content/uploads/2007/12/rss-ny_31.png]
[microclub.ch/wp-content/uploads/2007/12/rss-ny_32.png]
[microclub.ch/wp-content/uploads/2007/12/rss-ny_33.png]
[microclub.ch/wp-logine5b2.html]
[microclub.ch/2007/12/12/web-20-de-noel/index.html]
[microclub.ch/wp-login6c0c.html]
[microclub.ch/index5831.html]
[microclub.ch/wp-logina9d1.html]
[microclub.ch/index40e6.html]
[microclub.ch/wp-loginb2b3.html]
[microclub.ch/index49b1.html]
[microclub.ch/wp-json/oembed/1.0/embed205b.json]
[microclub.ch/2003/11/11/des-pics-pourquoi-faire-comment-faire/feed/index.html]
[microclub.ch/wp-json/oembed/1.0/embed4f36]
[microclub.ch/wp-json/wp/v2/posts/11.json]
[microclub.ch/wp-content/uploads/2007/11/2003_img_1.jpg]
[microclub.ch/wp-content/uploads/2007/11/2003_img_3.jpg]
[microclub.ch/wp-content/uploads/2007/11/2003_img_2.jpg]
[microclub.ch/wp-content/uploads/2007/11/2003_img_4.jpg]
[microclub.ch/2003/11/11/des-pics-pourquoi-faire-comment-faire/index.html]
[microclub.ch/wp-login2fea.html]
[microclub.ch/index4837.html]
[microclub.ch/wp-login754d.html]
[microclub.ch/wp-json/oembed/1.0/embedeee1.json]
[microclub.ch/2008/01/02/les-10-startups-2008-selon-wired/feed/index.html]
[microclub.ch/wp-json/oembed/1.0/embed3d92]
[microclub.ch/wp-json/wp/v2/posts/394.json]
[microclub.ch/wp-loginb1a8.html]
[microclub.ch/2008/01/02/les-10-startups-2008-selon-wired/index.html]
[microclub.ch/wp-loginf44b.html]
[microclub.ch/indexc471.html]
[microclub.ch/2008/01/02/kwout-simplement-genial/index.html]
[microclub.ch/wp-json/oembed/1.0/embed61e4.json]
[microclub.ch/2007/05/10/igoogle/feed/index.html]
[microclub.ch/wp-json/oembed/1.0/embed91ce]
[microclub.ch/wp-json/wp/v2/posts/369.json]
[microclub.ch/wp-login8775.html]
[microclub.ch/2007/05/10/igoogle/index.html]
[microclub.ch/2007/05/19/flickrvision-le-web-20-hypnotique/index.html]
[microclub.ch/wp-json/oembed/1.0/embed3974.json]
[microclub.ch/2008/02/26/tout-sur-les-flux-rss/feed/index.html]
[microclub.ch/wp-json/oembed/1.0/embed251b]
[microclub.ch/wp-json/wp/v2/posts/397.json]
[microclub.ch/wp-login086f.html]
[microclub.ch/2008/02/26/tout-sur-les-flux-rss/index.html]
[microclub.ch/wp-loginb570.html]
[microclub.ch/index42dc.html]
[microclub.ch/2008/02/23/conference-swisscube/index.html]
[microclub.ch/wp-json/oembed/1.0/embed4680.json]
[microclub.ch/2007/07/23/facebook-pourrait-il-devenir-le-prochain-microsoft/feed/index.html]
[microclub.ch/wp-json/oembed/1.0/embed43ff]
[microclub.ch/wp-json/wp/v2/posts/373.json]
[microclub.ch/wp-loginb4f5.html]
[microclub.ch/2007/07/23/facebook-pourrait-il-devenir-le-prochain-microsoft/index.html]
[microclub.ch/wp-login7d56.html]
[microclub.ch/indexb93f.html]
[microclub.ch/wp-loginb131.html]
[microclub.ch/indexe145.html]
[microclub.ch/wp-login9df3.html]
[microclub.ch/author/rolfz/page/16/index.html]
[microclub.ch/category/microclub/page/18/index.html]
[microclub.ch/2007/06/07/cambrian-house/index.html]
[microclub.ch/page/19/index.html]
[microclub.ch/indexcb30.html]
[microclub.ch/wp-login279b.html]
[microclub.ch/indexa9ab.html]
[microclub.ch/wp-logine5b2.html]
[microclub.ch/index5757.html]
[microclub.ch/wp-login754d.html]
[microclub.ch/index51fe.html]
[microclub.ch/page/20/index.html]
[microclub.ch/author/rolfz/page/17/index.html]
[microclub.ch/category/microclub/page/19/index.html]
[microclub.ch/wp-json/oembed/1.0/embedbaa0.json]
[microclub.ch/2008/01/02/kwout-simplement-genial/feed/index.html]
[microclub.ch/wp-json/oembed/1.0/embed00f1]
[microclub.ch/wp-json/wp/v2/posts/395.json]
[microclub.ch/wp-login8b9e.html]
[microclub.ch/2008/01/02/kwout-simplement-genial/index.html]
[microclub.ch/wp-loginb1a8.html]
[microclub.ch/index0261.html]
[microclub.ch/2008/01/10/informatique-it-cs/index.html]
[microclub.ch/wp-json/oembed/1.0/embed7b5d.json]
[microclub.ch/2007/05/19/flickrvision-le-web-20-hypnotique/feed/index.html]
[microclub.ch/wp-json/oembed/1.0/embeddf1b]
[microclub.ch/wp-json/wp/v2/posts/370.json]
[microclub.ch/wp-login37f0.html]
[microclub.ch/2007/05/19/flickrvision-le-web-20-hypnotique/index.html]
[microclub.ch/wp-login8775.html]
[microclub.ch/indexae62.html]
[microclub.ch/2007/05/27/esfresh-lusine-a-clips/index.html]
[microclub.ch/wp-json/oembed/1.0/embedf50c.json]
[microclub.ch/2008/02/23/conference-swisscube/feed/index.html]
[microclub.ch/wp-json/oembed/1.0/embed4c88]
[microclub.ch/wp-json/wp/v2/posts/36.json]
[microclub.ch/wp-login6564.html]
[microclub.ch/2008/02/23/conference-swisscube/index.html]
[microclub.ch/wp-login086f.html]
[microclub.ch/index7080.html]
[microclub.ch/2008/01/31/quand-google-donne-des-infos-sur-les-infos/index.html]
[microclub.ch/wp-json/oembed/1.0/embed2c6a.json]
[microclub.ch/2007/06/07/cambrian-house/feed/index.html]
[microclub.ch/wp-json/oembed/1.0/embedd75b]
[microclub.ch/wp-json/wp/v2/posts/372.json]
[microclub.ch/wp-logind726.html]
[microclub.ch/2007/06/07/cambrian-house/index.html]
[microclub.ch/wp-loginb4f5.html]
[microclub.ch/author/rolfz/page/17/index.html]
[microclub.ch/category/microclub/page/19/index.html]
[microclub.ch/page/20/index.html]
[microclub.ch/index0449.html]
[microclub.ch/page/21/index.html]
[microclub.ch/author/rolfz/page/18/index.html]
[microclub.ch/category/microclub/page/20/index.html]
[microclub.ch/wp-json/oembed/1.0/embedd1b8.json]
[microclub.ch/2008/01/10/informatique-it-cs/feed/index.html]
[microclub.ch/wp-json/oembed/1.0/embed5639]
[microclub.ch/wp-json/wp/v2/posts/29.json]
[microclub.ch/wp-login1ad7.html]
[microclub.ch/2008/01/10/informatique-it-cs/index.html]
[microclub.ch/wp-login8b9e.html]
[microclub.ch/index12d0.html]
[microclub.ch/2008/01/10/palmares-des-virus-de-lannee-2007/index.html]
[microclub.ch/wp-json/oembed/1.0/embedd976.json]
[microclub.ch/2007/05/27/esfresh-lusine-a-clips/feed/index.html]
[microclub.ch/wp-json/oembed/1.0/embedaa0c]
[microclub.ch/wp-json/wp/v2/posts/371.json]
[microclub.ch/wp-logina774.html]
[microclub.ch/2007/05/27/esfresh-lusine-a-clips/index.html]
[microclub.ch/wp-login37f0.html]
[microclub.ch/index0d0b.html]
[microclub.ch/wp-json/oembed/1.0/embed8c65.json]
[microclub.ch/2008/01/31/quand-google-donne-des-infos-sur-les-infos/feed/index.html]
[microclub.ch/wp-json/oembed/1.0/embedda2d]
[microclub.ch/wp-json/wp/v2/posts/35.json]
[microclub.ch/wp-logincf0c.html]
[microclub.ch/2008/01/31/quand-google-donne-des-infos-sur-les-infos/index.html]
[microclub.ch/wp-login6564.html]
[microclub.ch/indexc3ba.html]
[microclub.ch/wp-logind726.html]
[microclub.ch/author/rolfz/page/18/index.html]
[microclub.ch/category/microclub/page/20/index.html]
[microclub.ch/page/21/index.html]
[microclub.ch/2008/01/26/bug-labs-products/index.html]
[microclub.ch/index9cd7.html]
[microclub.ch/page/22/index.html]
[microclub.ch/category/microclub/page/21/index.html]
[microclub.ch/author/rolfz/page/19/index.html]
[microclub.ch/wp-json/oembed/1.0/embed3e8e.json]
[microclub.ch/2008/01/10/palmares-des-virus-de-lannee-2007/feed/index.html]
[microclub.ch/wp-json/oembed/1.0/embedad2f]
[microclub.ch/wp-json/wp/v2/posts/30.json]
[microclub.ch/wp-login3297.html]
[microclub.ch/2008/01/10/palmares-des-virus-de-lannee-2007/index.html]
[microclub.ch/wp-login1ad7.html]
[microclub.ch/index9f0a.html]
[microclub.ch/wp-logina774.html]
[microclub.ch/index5c90.html]
[microclub.ch/2008/01/12/redirection-conditionnelle-en-javascript/index.html]
[microclub.ch/wp-json/oembed/1.0/embed77b8.json]
[microclub.ch/2008/01/26/bug-labs-products/feed/index.html]
[microclub.ch/wp-json/oembed/1.0/embed6224]
[microclub.ch/wp-json/wp/v2/posts/34.json]
[microclub.ch/wp-logina32e.html]
[microclub.ch/2008/01/26/bug-labs-products/index.html]
[microclub.ch/wp-logincf0c.html]
[microclub.ch/author/rolfz/page/19/index.html]
[microclub.ch/category/microclub/page/21/index.html]
[microclub.ch/2008/01/21/perlisismes-les-dictons-informatiques-dalan-perlis/index.html]
[microclub.ch/page/22/index.html]
[microclub.ch/index5643.html]
[microclub.ch/page/23/index.html]
[microclub.ch/author/rolfz/page/20/index.html]
[microclub.ch/category/microclub/page/22/index.html]
[microclub.ch/wp-json/oembed/1.0/embed90a4.json]
[microclub.ch/2008/01/12/redirection-conditionnelle-en-javascript/feed/index.html]
[microclub.ch/wp-json/oembed/1.0/embedccc5]
[microclub.ch/wp-json/wp/v2/posts/31.json]
[microclub.ch/wp-login3e4e.html]
[microclub.ch/2008/01/12/video-feedback-fractals/index.html]
[microclub.ch/2008/01/12/redirection-conditionnelle-en-javascript/index.html]
[microclub.ch/wp-login3297.html]
[microclub.ch/index1e7e.html]
[microclub.ch/2008/01/21/perlisismes-les-dictons-informatiques-dalan-perlis/feed/index.html]
[microclub.ch/wp-json/oembed/1.0/embedc485.json]
[microclub.ch/wp-json/oembed/1.0/embedeb15]
[microclub.ch/wp-json/wp/v2/posts/33.json]
[microclub.ch/2008/01/21/perlisismes-les-dictons-informatiques-dalan-perlis/index.html]
[microclub.ch/wp-logina32e.html]
[microclub.ch/author/rolfz/page/20/index.html]
[microclub.ch/category/microclub/page/22/index.html]
[microclub.ch/2008/01/13/yahoo-pipes/index.html]
[microclub.ch/page/23/index.html]
[microclub.ch/indexc7e3.html]
[microclub.ch/2008/01/12/redirection-conditionnelle-en-javascript/http;/drgoulu.wordpress.html]
[microclub.ch/author/rolfz/page/21/index.html]
[microclub.ch/page/24/index.html]
[microclub.ch/category/microclub/page/23/index.html]
[microclub.ch/wp-json/oembed/1.0/embed4161.json]
[microclub.ch/2008/01/12/video-feedback-fractals/feed/index.html]
[microclub.ch/wp-json/oembed/1.0/embed731a]
[microclub.ch/wp-json/wp/v2/posts/32.json]
[microclub.ch/wp-login20fc.html]
[microclub.ch/2008/01/12/video-feedback-fractals/index.html]
[microclub.ch/wp-login3e4e.html]
[microclub.ch/indexdd23.html]
[microclub.ch/wp-json/oembed/1.0/embede7fb.json]
[microclub.ch/2008/01/13/yahoo-pipes/feed/index.html]
[microclub.ch/wp-json/oembed/1.0/embede701]
[microclub.ch/wp-json/wp/v2/posts/396.json]
[microclub.ch/wp-login52f6.html]
[microclub.ch/2008/01/13/yahoo-pipes/index.html]
[microclub.ch/author/rolfz/page/21/index.html]
[microclub.ch/category/microclub/page/23/index.html]
[microclub.ch/page/24/index.html]
[microclub.ch/index6c46.html]
[microclub.ch/wp-login20fc.html]
[microclub.ch/index2e25.html]
[microclub.ch/wp-login52f6.html]
[microclub.ch/page/25/index.html]
[microclub.ch/author/rolfz/page/22/index.html]
[microclub.ch/author/rolfz/page/22/index.html]
[microclub.ch/category/microclub/page/24/index.html]
[microclub.ch/category/microclub/page/24/index.html]
[microclub.ch/page/25/index.html]
[microclub.ch/page/26/index.html]
[microclub.ch/author/rolfz/page/23/index.html]
[microclub.ch/author/rolfz/page/23/index.html]
[microclub.ch/category/microclub/page/25/index.html]
[microclub.ch/category/microclub/page/25/index.html]
[microclub.ch/page/26/index.html]
[microclub.ch/page/27/index.html]
[microclub.ch/author/rolfz/page/24/index.html]
[microclub.ch/author/rolfz/page/24/index.html]
[microclub.ch/category/microclub/page/26/index.html]
[microclub.ch/category/microclub/page/26/index.html]
[microclub.ch/page/27/index.html]
[microclub.ch/page/28/index.html]
[microclub.ch/author/rolfz/page/25/index.html]
[microclub.ch/author/rolfz/page/25/index.html]
[microclub.ch/category/microclub/page/27/index.html]
[microclub.ch/category/microclub/page/27/index.html]
[microclub.ch/page/28/index.html]
[microclub.ch/page/29/index.html]
[microclub.ch/author/rolfz/page/26/index.html]
[microclub.ch/author/rolfz/page/26/index.html]
[microclub.ch/category/microclub/page/28/index.html]
[microclub.ch/category/microclub/page/28/index.html]
[microclub.ch/page/29/index.html]
[microclub.ch/page/30/index.html]
[microclub.ch/author/rolfz/page/27/index.html]
[microclub.ch/author/rolfz/page/27/index.html]
[microclub.ch/category/microclub/page/29/index.html]
[microclub.ch/category/microclub/page/29/index.html]
[microclub.ch/page/30/index.html]
[microclub.ch/author/rolfz/page/28/index.html]
[microclub.ch/author/rolfz/page/28/index.html]
[microclub.ch/page/31/index.html]
[microclub.ch/category/microclub/page/30/index.html]
[microclub.ch/category/microclub/page/30/index.html]
[microclub.ch/page/31/index.html]
[microclub.ch/author/rolfz/page/29/index.html]
[microclub.ch/author/rolfz/page/29/index.html]
[microclub.ch/page/32/index.html]
[microclub.ch/category/microclub/page/31/index.html]
[microclub.ch/category/microclub/page/31/index.html]
[microclub.ch/page/32/index.html]
[microclub.ch/author/rolfz/page/30/index.html]
[microclub.ch/author/rolfz/page/30/index.html]
[microclub.ch/page/33/index.html]
[microclub.ch/category/microclub/page/32/index.html]
[microclub.ch/category/microclub/page/32/index.html]
[microclub.ch/page/33/index.html]
[microclub.ch/author/rolfz/page/31/index.html]
[microclub.ch/author/rolfz/page/31/index.html]
[microclub.ch/page/34/index.html]
[microclub.ch/category/microclub/page/33/index.html]
[microclub.ch/category/microclub/page/33/index.html]
[microclub.ch/page/34/index.html]
[microclub.ch/page/35/index.html]
[microclub.ch/author/rolfz/page/32/index.html]
[microclub.ch/author/rolfz/page/32/index.html]
[microclub.ch/category/microclub/page/34/index.html]
[microclub.ch/category/microclub/page/34/index.html]
[microclub.ch/page/35/index.html]
[microclub.ch/author/rolfz/page/33/index.html]
[microclub.ch/author/rolfz/page/33/index.html]
[microclub.ch/page/36/index.html]
[microclub.ch/category/microclub/page/35/index.html]
[microclub.ch/category/microclub/page/35/index.html]
[microclub.ch/page/36/index.html]
[microclub.ch/author/rolfz/page/34/index.html]
[microclub.ch/author/rolfz/page/34/index.html]
[microclub.ch/page/37/index.html]
[microclub.ch/category/microclub/page/36/index.html]
[microclub.ch/category/microclub/page/36/index.html]
[microclub.ch/page/37/index.html]
[microclub.ch/page/38/index.html]
[microclub.ch/author/rolfz/page/35/index.html]
[microclub.ch/author/rolfz/page/35/index.html]
[microclub.ch/category/microclub/page/37/index.html]
[microclub.ch/category/microclub/page/37/index.html]
[microclub.ch/page/38/index.html]
[microclub.ch/page/39/index.html]
[microclub.ch/author/rolfz/page/36/index.html]
[microclub.ch/author/rolfz/page/36/index.html]
[microclub.ch/category/microclub/page/38/index.html]
[microclub.ch/category/microclub/page/38/index.html]
[microclub.ch/page/39/index.html]
[microclub.ch/page/40/index.html]
[microclub.ch/category/microclub/page/39/index.html]
[microclub.ch/author/rolfz/page/37/index.html]
[microclub.ch/author/rolfz/page/37/index.html]
[microclub.ch/category/microclub/page/39/index.html]
[microclub.ch/page/40/index.html]
[microclub.ch/page/41/index.html]
[microclub.ch/author/rolfz/page/38/index.html]
[microclub.ch/author/rolfz/page/38/index.html]
[microclub.ch/category/microclub/page/40/index.html]
[microclub.ch/category/microclub/page/40/index.html]
[microclub.ch/page/41/index.html]
[microclub.ch/page/42/index.html]
[microclub.ch/author/rolfz/page/39/index.html]
[microclub.ch/author/rolfz/page/39/index.html]
[microclub.ch/category/microclub/page/41/index.html]
[microclub.ch/category/microclub/page/41/index.html]
[microclub.ch/page/42/index.html]
[microclub.ch/page/43/index.html]
[microclub.ch/author/rolfz/page/40/index.html]
[microclub.ch/author/rolfz/page/40/index.html]
[microclub.ch/category/microclub/page/42/index.html]
[microclub.ch/category/microclub/page/42/index.html]
[microclub.ch/page/43/index.html]
[microclub.ch/page/44/index.html]
[microclub.ch/author/rolfz/page/41/index.html]
[microclub.ch/author/rolfz/page/41/index.html]
[microclub.ch/category/microclub/page/43/index.html]
[microclub.ch/category/microclub/page/43/index.html]
[microclub.ch/page/44/index.html]
[microclub.ch/page/45/index.html]
[microclub.ch/author/rolfz/page/42/index.html]
[microclub.ch/author/rolfz/page/42/index.html]
[microclub.ch/category/microclub/page/44/index.html]
[microclub.ch/category/microclub/page/44/index.html]
[microclub.ch/page/45/index.html]
[microclub.ch/author/rolfz/page/43/index.html]
[microclub.ch/author/rolfz/page/43/index.html]
[microclub.ch/page/46/index.html]
[microclub.ch/category/microclub/page/45/index.html]
[microclub.ch/category/microclub/page/45/index.html]
[microclub.ch/page/46/index.html]
[microclub.ch/author/rolfz/page/44/index.html]
[microclub.ch/author/rolfz/page/44/index.html]
[microclub.ch/author/rolfz/page/45/index.html]
[microclub.ch/page/47/index.html]
[microclub.ch/category/microclub/page/46/index.html]
[microclub.ch/category/microclub/page/46/index.html]
[microclub.ch/page/47/index.html]
[microclub.ch/author/rolfz/page/45/index.html]
[microclub.ch/page/48/index.html]
[microclub.ch/author/rolfz/page/46/index.html]
[microclub.ch/category/microclub/page/47/index.html]
[microclub.ch/category/microclub/page/47/index.html]
[microclub.ch/page/48/index.html]
[microclub.ch/author/rolfz/page/46/index.html]
[microclub.ch/page/49/index.html]
[microclub.ch/author/rolfz/page/47/index.html]
[microclub.ch/category/microclub/page/48/index.html]
[microclub.ch/category/microclub/page/48/index.html]
[microclub.ch/page/49/index.html]
[microclub.ch/author/rolfz/page/47/index.html]
[microclub.ch/page/50/index.html]
[microclub.ch/author/rolfz/page/48/index.html]
[microclub.ch/category/microclub/page/49/index.html]
[microclub.ch/category/microclub/page/49/index.html]
[microclub.ch/page/50/index.html]
[microclub.ch/author/rolfz/page/48/index.html]
[microclub.ch/page/51/index.html]
[microclub.ch/author/rolfz/page/49/index.html]
[microclub.ch/category/microclub/page/50/index.html]
[microclub.ch/category/microclub/page/50/index.html]
[microclub.ch/page/51/index.html]
[microclub.ch/author/rolfz/page/49/index.html]
[microclub.ch/page/52/index.html]
[microclub.ch/author/rolfz/page/50/index.html]
[microclub.ch/category/microclub/page/51/index.html]
[microclub.ch/category/microclub/page/51/index.html]
[microclub.ch/page/52/index.html]
[microclub.ch/author/rolfz/page/50/index.html]
[microclub.ch/page/53/index.html]
[microclub.ch/author/rolfz/page/51/index.html]
[microclub.ch/category/microclub/page/52/index.html]
[microclub.ch/category/microclub/page/52/index.html]
[microclub.ch/page/53/index.html]
[microclub.ch/author/rolfz/page/51/index.html]
[microclub.ch/page/54/index.html]
[microclub.ch/author/rolfz/page/52/index.html]
[microclub.ch/category/microclub/page/53/index.html]
[microclub.ch/category/microclub/page/53/index.html]
[microclub.ch/page/54/index.html]
[microclub.ch/author/rolfz/page/52/index.html]
[microclub.ch/author/rolfz/page/53/index.html]
[microclub.ch/page/55/index.html]
[microclub.ch/category/microclub/page/54/index.html]
[microclub.ch/category/microclub/page/54/index.html]
[microclub.ch/page/55/index.html]
[microclub.ch/author/rolfz/page/53/index.html]
[microclub.ch/page/56/index.html]
[microclub.ch/category/microclub/page/55/index.html]
[microclub.ch/category/microclub/page/55/index.html]
[microclub.ch/page/56/index.html]
[microclub.ch/page/57/index.html]
[microclub.ch/author/rolfz/page/54/index.html]
[microclub.ch/author/rolfz/page/54/index.html]
[microclub.ch/category/microclub/page/56/index.html]
[microclub.ch/category/microclub/page/56/index.html]
[microclub.ch/page/57/index.html]
[microclub.ch/page/58/index.html]
[microclub.ch/author/rolfz/page/55/index.html]
[microclub.ch/author/rolfz/page/55/index.html]
[microclub.ch/category/microclub/page/57/index.html]
[microclub.ch/category/microclub/page/57/index.html]
[microclub.ch/page/58/index.html]
[microclub.ch/page/59/index.html]
[microclub.ch/author/rolfz/page/56/index.html]
[microclub.ch/author/rolfz/page/56/index.html]
[microclub.ch/category/microclub/page/58/index.html]
[microclub.ch/category/microclub/page/58/index.html]
[microclub.ch/page/59/index.html]
[microclub.ch/page/60/index.html]
[microclub.ch/author/rolfz/page/57/index.html]
[microclub.ch/author/rolfz/page/57/index.html]
[microclub.ch/category/microclub/page/59/index.html]
[microclub.ch/category/microclub/page/59/index.html]
[microclub.ch/page/60/index.html]
[microclub.ch/page/61/index.html]
[microclub.ch/author/rolfz/page/58/index.html]
[microclub.ch/author/rolfz/page/58/index.html]
[microclub.ch/category/microclub/page/60/index.html]
[microclub.ch/category/microclub/page/60/index.html]
[microclub.ch/page/61/index.html]
[microclub.ch/page/62/index.html]
[microclub.ch/author/rolfz/page/59/index.html]
[microclub.ch/author/rolfz/page/59/index.html]
[microclub.ch/category/microclub/page/61/index.html]
[microclub.ch/category/microclub/page/61/index.html]
[microclub.ch/page/62/index.html]
[microclub.ch/page/63/index.html]
[microclub.ch/author/rolfz/page/60/index.html]
[microclub.ch/author/rolfz/page/60/index.html]
[microclub.ch/category/microclub/page/62/index.html]
[microclub.ch/category/microclub/page/62/index.html]
[microclub.ch/page/63/index.html]
[microclub.ch/author/rolfz/page/61/index.html]
[microclub.ch/author/rolfz/page/61/index.html]
[microclub.ch/page/64/index.html]
[microclub.ch/category/microclub/page/63/index.html]
[microclub.ch/category/microclub/page/63/index.html]
[microclub.ch/page/64/index.html]
[microclub.ch/page/65/index.html]
[microclub.ch/author/rolfz/page/62/index.html]
[microclub.ch/author/rolfz/page/62/index.html]
[microclub.ch/category/microclub/page/64/index.html]
[microclub.ch/category/microclub/page/64/index.html]
[microclub.ch/page/65/index.html]
[microclub.ch/author/rolfz/page/63/index.html]
[microclub.ch/author/rolfz/page/63/index.html]
[microclub.ch/page/66/index.html]
[microclub.ch/category/microclub/page/65/index.html]
[microclub.ch/category/microclub/page/65/index.html]
[microclub.ch/page/66/index.html]
[microclub.ch/page/67/index.html]
[microclub.ch/author/rolfz/page/64/index.html]
[microclub.ch/author/rolfz/page/64/index.html]
[microclub.ch/category/microclub/page/66/index.html]
[microclub.ch/category/microclub/page/66/index.html]
[microclub.ch/page/67/index.html]
[microclub.ch/page/68/index.html]
[microclub.ch/category/microclub/page/67/index.html]
[microclub.ch/category/microclub/page/67/index.html]
[microclub.ch/page/68/index.html]
[microclub.ch/page/69/index.html]
[microclub.ch/category/microclub/page/68/index.html]
[microclub.ch/category/microclub/page/68/index.html]
[microclub.ch/page/69/index.html]
[microclub.ch/page/70/index.html]
[microclub.ch/category/microclub/page/69/index.html]
[microclub.ch/category/microclub/page/69/index.html]
[microclub.ch/page/70/index.html]
[microclub.ch/page/71/index.html]
[microclub.ch/category/microclub/page/70/index.html]
[microclub.ch/category/microclub/page/70/index.html]
[microclub.ch/page/71/index.html]
[microclub.ch/page/72/index.html]
[microclub.ch/category/microclub/page/71/index.html]
[microclub.ch/category/microclub/page/71/index.html]
[microclub.ch/page/72/index.html]
[microclub.ch/page/73/index.html]
[microclub.ch/page/73/index.html]
[microclub.ch/page/74/index.html]
[microclub.ch/page/74/index.html]
[microclub.ch/page/75/index.html]
[microclub.ch/page/75/index.html]
[microclub.ch/page/76/index.html]
[microclub.ch/page/76/index.html]
